household_ID,Consumption
ID0001,91.36
ID0002,47.36
ID0003,188.52
ID0004,236.24
ID0005,94.04
ID0006,151.96
ID0007,82.72
ID0008,65.16
ID0009,26.08
ID0010,70.76
ID0011,84.88
ID0012,312.08
ID0013,153.08
ID0014,135.2
ID0015,96.08
ID0016,92.6
ID0017,27.68
ID0018,371.76
ID0019,88.96
ID0020,64.16
ID0021,0.52
ID0022,94.36
ID0023,51.72
ID0024,240.72
ID0025,60.6
ID0026,170.28
ID0027,77.24
ID0028,76.24
ID0029,98.04
ID0030,48.24
ID0031,28.52
ID0032,41.64
ID0033,77.92
ID0034,483
ID0035,53.8
ID0036,64.8
ID0037,44.28
ID0038,93.56
ID0039,197.32
ID0040,77.92
ID0041,89.04
ID0042,91.72
ID0043,NA
ID0044,29.96
ID0045,99.68
ID0046,129.52
ID0047,NA
ID0048,60.88
ID0049,193.8
ID0050,155.84
ID0051,48.32
ID0052,159.64
ID0053,71.24
ID0054,132.12
ID0055,87.64
ID0056,120.48
ID0057,120.44
ID0058,34.16
ID0059,89.2
ID0060,93.2
ID0061,83
ID0062,81.28
ID0063,125.24
ID0064,95.4
ID0065,92.68
ID0066,450.92
ID0067,155.48
ID0068,170.6
ID0069,321
ID0070,85
ID0071,156.64
ID0072,204.64
ID0073,34.12
ID0074,44.96
ID0075,92.88
ID0076,75.88
ID0077,131.12
ID0078,121.96
ID0079,244.6
ID0080,0
ID0081,152
ID0082,59.52
ID0083,180.04
ID0084,141.76
ID0085,114.6
ID0086,92.48
ID0087,100.08
ID0088,194.64
ID0089,139.72
ID0090,67.88
ID0091,106.52
ID0092,110.08
ID0093,176.64
ID0094,156.36
ID0095,83
ID0096,157.2
ID0097,132.16
ID0098,62.8
ID0099,32
ID0100,120.92
ID0101,148.92
ID0102,163.72
ID0103,256.24
ID0104,242.36
ID0105,150.96
ID0106,141.56
ID0107,206.36
ID0108,178.76
ID0109,NA
ID0110,123.8
ID0111,169.76
ID0112,105.72
ID0113,188.68
ID0114,170.2
ID0115,240.6
ID0116,89.76
ID0117,127.12
ID0118,134.36
ID0119,46.6
ID0120,32.4
ID0121,148.2
ID0122,NA
ID0123,159.2
ID0124,84
ID0125,169.84
ID0126,24.64
ID0127,366.12
ID0128,174.92
ID0129,120.56
ID0130,153.68
ID0131,51.24
ID0132,NA
ID0133,107.28
ID0134,201.84
ID0135,205.72
ID0136,50.24
ID0137,315.76
ID0138,42.68
ID0139,154.84
ID0140,10.4
ID0141,93.88
ID0142,125.08
ID0143,66.48
ID0144,48.64
ID0145,93.92
ID0146,159.84
ID0147,10.96
ID0148,110.24
ID0149,266.28
ID0150,90.24
ID0151,82.8
ID0152,223.96
ID0153,114.88
ID0154,NA
ID0155,170.16
ID0156,111.24
ID0157,69.72
ID0158,58.4
ID0159,139.24
ID0160,43.92
ID0161,23.8
ID0162,60.6
ID0163,122.96
ID0164,42.4
ID0165,126.04
ID0166,152.84
ID0167,0
ID0168,89.16
ID0169,102.76
ID0170,27.6
ID0171,157.56
ID0172,148.6
ID0173,56.68
ID0174,155.76
ID0175,63.96
ID0176,59.08
ID0177,358.12
ID0178,93.32
ID0179,142.6
ID0180,128.52
ID0181,146.32
ID0182,447.92
ID0183,28.12
ID0184,51.56
ID0185,326.44
ID0186,118.28
ID0187,148
ID0188,104.12
ID0189,325.6
ID0190,14.28
ID0191,85.04
ID0192,122.64
ID0193,101.72
ID0194,NA
ID0195,105.84
ID0196,106.6
ID0197,138.48
ID0198,437.56
ID0199,40.76
ID0200,82.84
ID0201,258.2
ID0202,158.8
ID0203,106.88
ID0204,50.52
ID0205,NA
ID0206,133.24
ID0207,136.56
ID0208,52.96
ID0209,88.72
ID0210,263.08
ID0211,99.76
ID0212,73.96
ID0213,64.24
ID0214,70.12
ID0215,97.16
ID0216,84.04
ID0217,130.48
ID0218,36.16
ID0219,126.76
ID0220,96.52
ID0221,106.2
ID0222,137.68
ID0223,22.64
ID0224,25.48
ID0225,145.72
ID0226,116.6
ID0227,76.56
ID0228,NA
ID0229,320.76
ID0230,144.8
ID0231,132.28
ID0232,104.6
ID0233,176.44
ID0234,160.72
ID0235,57.44
ID0236,86.6
ID0237,165.44
ID0238,67.28
ID0239,43.92
ID0240,77.92
ID0241,60.48
ID0242,54.32
ID0243,72.6
ID0244,20.72
ID0245,98.44
ID0246,456.8
ID0247,331.96
ID0248,82.4
ID0249,234.4
ID0250,192.04
ID0251,122.72
ID0252,53.68
ID0253,50.68
ID0254,114.08
ID0255,372.92
ID0256,168.56
ID0257,238
ID0258,162
ID0259,73.76
ID0260,237.56
ID0261,NA
ID0262,42.64
ID0263,152.48
ID0264,359.84
ID0265,99.76
ID0266,83.28
ID0267,97.12
ID0268,58.24
ID0269,215.44
ID0270,146.24
ID0271,73.48
ID0272,46.04
ID0273,248.96
ID0274,190.76
ID0275,182.4
ID0276,295.2
ID0277,90.96
ID0278,201.44
ID0279,54.84
ID0280,153
ID0281,49.24
ID0282,134.6
ID0283,83.68
ID0284,42.48
ID0285,194
ID0286,102.12
ID0287,166.44
ID0288,35.04
ID0289,101.8
ID0290,NA
ID0291,58.64
ID0292,54.36
ID0293,52.32
ID0294,188.04
ID0295,100.8
ID0296,338.6
ID0297,108
ID0298,NA
ID0299,70.16
ID0300,55.92
ID0301,78.64
ID0302,87.32
ID0303,41
ID0304,121.56
ID0305,113.72
ID0306,112.6
ID0307,175.68
ID0308,101.92
ID0309,64.64
ID0310,72.48
ID0311,103.52
ID0312,65.12
ID0313,105.72
ID0314,172.84
ID0315,81.8
ID0316,109.64
ID0317,82.76
ID0318,155.2
ID0319,113.76
ID0320,48.84
ID0321,NA
ID0322,36.04
ID0323,109.28
ID0324,34.68
ID0325,125.6
ID0326,104.96
ID0327,161.44
ID0328,13.56
ID0329,59.2
ID0330,79.52
ID0331,240.08
ID0332,134.6
ID0333,46.92
ID0334,NA
ID0335,119.2
ID0336,89.56
ID0337,135.64
ID0338,107.92
ID0339,86.12
ID0340,111.4
ID0341,85.76
ID0342,40.2
ID0343,148
ID0344,32.08
ID0345,251.16
ID0346,89.68
ID0347,20.36
ID0348,250.56
ID0349,100.56
ID0350,55.68
ID0351,7.88
ID0352,100.8
ID0353,85.88
ID0354,31.84
ID0355,97.64
ID0356,217.64
ID0357,175.48
ID0358,144.24
ID0359,310.16
ID0360,28.2
ID0361,111.88
ID0362,47.28
ID0363,35.84
ID0364,96.32
ID0365,NA
ID0366,142.28
ID0367,91.84
ID0368,70.12
ID0369,49.16
ID0370,310.48
ID0371,542.48
ID0372,123.56
ID0373,89.44
ID0374,96.04
ID0375,132.08
ID0376,55.72
ID0377,197.32
ID0378,103.52
ID0379,117.48
ID0380,50.64
ID0381,191.48
ID0382,57.64
ID0383,148.28
ID0384,76.08
ID0385,81
ID0386,102.6
ID0387,70.28
ID0388,166.12
ID0389,131.36
ID0390,52.64
ID0391,155.36
ID0392,273.24
ID0393,0
ID0394,58.12
ID0395,NA
ID0396,94.84
ID0397,186.72
ID0398,111.6
ID0399,142.56
ID0400,18.12
ID0401,89.16
ID0402,87.68
ID0403,122.52
ID0404,183.88
ID0405,70.44
ID0406,354.72
ID0407,101.84
ID0408,63.48
ID0409,91.44
ID0410,8.36
ID0411,80.44
ID0412,2.68
ID0413,40.48
ID0414,118.6
ID0415,131.64
ID0416,NA
ID0417,NA
ID0418,162.76
ID0419,86
ID0420,89.24
ID0421,119.32
ID0422,83.92
ID0423,20.04
ID0424,104.24
ID0425,58.28
ID0426,49
ID0427,130.88
ID0428,90.48
ID0429,136.52
ID0430,32.6
ID0431,68.8
ID0432,75.44
ID0433,85.24
ID0434,21.04
ID0435,NA
ID0436,45.64
ID0437,50.76
ID0438,67.4
ID0439,85.72
ID0440,145.24
ID0441,59.64
ID0442,42.92
ID0443,97.4
ID0444,150.4
ID0445,66.36
ID0446,250.4
ID0447,58.76
ID0448,105.48
ID0449,44.28
ID0450,87.96
ID0451,39.84
ID0452,108.68
ID0453,173.4
ID0454,119.16
ID0455,83
ID0456,69.92
ID0457,NA
ID0458,117.56
ID0459,90.36
ID0460,0.84
ID0461,97
ID0462,34.88
ID0463,42.32
ID0464,149.48
ID0465,73.2
ID0466,152.08
ID0467,547.04
ID0468,166.4
ID0469,130.24
ID0470,276.68
ID0471,199.72
ID0472,86.44
ID0473,65.32
ID0474,134.44
ID0475,183.4
ID0476,60.12
ID0477,35.56
ID0478,112.92
ID0479,52.04
ID0480,83.56
ID0481,39.24
ID0482,28.76
ID0483,82.4
ID0484,25.64
ID0485,23.68
ID0486,116.2
ID0487,227.4
ID0488,140.92
ID0489,54.2
ID0490,111.32
ID0491,93.72
ID0492,75.88
ID0493,58.88
ID0494,85.12
ID0495,101.6
ID0496,26.96
ID0497,80.44
ID0498,111.72
ID0499,246.32
ID0500,81.72
ID0501,213.2
ID0502,96.84
ID0503,75.56
ID0504,81.2
ID0505,116.6
ID0506,79.72
ID0507,61.68
ID0508,217.2
ID0509,199.12
ID0510,91.96
ID0511,157.36
ID0512,154.88
ID0513,34.6
ID0514,109.84
ID0515,84.84
ID0516,144.56
ID0517,295.68
ID0518,64.96
ID0519,11.52
ID0520,86.84
ID0521,34.72
ID0522,224.64
ID0523,70.56
ID0524,225.28
ID0525,118.4
ID0526,86.52
ID0527,86.28
ID0528,116.28
ID0529,56.96
ID0530,146.8
ID0531,164.92
ID0532,76.16
ID0533,233.44
ID0534,66.64
ID0535,71.24
ID0536,63.2
ID0537,71.96
ID0538,105.72
ID0539,436.36
ID0540,98
ID0541,159.52
ID0542,98
ID0543,323.28
ID0544,209.4
ID0545,432.72
ID0546,230.04
ID0547,201.04
ID0548,42.36
ID0549,NA
ID0550,148.36
ID0551,167.24
ID0552,39.36
ID0553,56.76
ID0554,214.36
ID0555,361.2
ID0556,73.48
ID0557,NA
ID0558,293.8
ID0559,94.28
ID0560,86.2
ID0561,75.08
ID0562,28.72
ID0563,78.44
ID0564,143.92
ID0565,176.6
ID0566,214.44
ID0567,78.52
ID0568,185.04
ID0569,132.48
ID0570,99.32
ID0571,316.76
ID0572,99.52
ID0573,70.88
ID0574,82.24
ID0575,92.44
ID0576,131.36
ID0577,90.8
ID0578,90.4
ID0579,119.96
ID0580,129.08
ID0581,120.24
ID0582,NA
ID0583,26.84
ID0584,101.4
ID0585,78.64
ID0586,157.6
ID0587,111.08
ID0588,101.52
ID0589,130.04
ID0590,118.8
ID0591,78.4
ID0592,127.64
ID0593,58.72
ID0594,56.2
ID0595,132.6
ID0596,186.16
ID0597,194.96
ID0598,48.92
ID0599,96.12
ID0600,NA
ID0601,185.4
ID0602,258.72
ID0603,NA
ID0604,93.36
ID0605,139.92
ID0606,51.52
ID0607,63.4
ID0608,87.68
ID0609,230.16
ID0610,110.16
ID0611,152.12
ID0612,181.36
ID0613,46.32
ID0614,116.64
ID0615,74.88
ID0616,31.36
ID0617,124.2
ID0618,103.4
ID0619,85.52
ID0620,93.8
ID0621,142.16
ID0622,NA
ID0623,87.2
ID0624,108.44
ID0625,87.28
ID0626,40.6
ID0627,89.76
ID0628,84.36
ID0629,99.72
ID0630,327.92
ID0631,272.08
ID0632,31.64
ID0633,110.6
ID0634,NA
ID0635,47.48
ID0636,102.24
ID0637,95.2
ID0638,64.44
ID0639,50.6
ID0640,89
ID0641,161.52
ID0642,47.28
ID0643,95.6
ID0644,114.16
ID0645,78.6
ID0646,0.44
ID0647,37.48
ID0648,129.96
ID0649,102.72
ID0650,33.08
ID0651,NA
ID0652,133.88
ID0653,137.28
ID0654,195.8
ID0655,120.92
ID0656,99.64
ID0657,157.6
ID0658,81.8
ID0659,110.64
ID0660,81.12
ID0661,NA
ID0662,119.48
ID0663,71.92
ID0664,148.48
ID0665,29.84
ID0666,NA
ID0667,120.76
ID0668,41.4
ID0669,426.36
ID0670,59.08
ID0671,254.72
ID0672,54.12
ID0673,30
ID0674,66.8
ID0675,150.16
ID0676,201.6
ID0677,0.04
ID0678,88.08
ID0679,117.2
ID0680,198.6
ID0681,74.24
ID0682,86.12
ID0683,69
ID0684,185.32
ID0685,39.92
ID0686,379.32
ID0687,56.04
ID0688,18.68
ID0689,74.56
ID0690,76.84
ID0691,151
ID0692,138.68
ID0693,106.52
ID0694,324.6
ID0695,NA
ID0696,159.36
ID0697,13.24
ID0698,54.4
ID0699,85.08
ID0700,235.92
ID0701,NA
ID0702,29.32
ID0703,91.32
ID0704,180.08
ID0705,59.68
ID0706,128.68
ID0707,57.96
ID0708,67.12
ID0709,145.72
ID0710,145
ID0711,86.08
ID0712,0
ID0713,213.44
ID0714,107.12
ID0715,151.04
ID0716,87.56
ID0717,100.56
ID0718,111.84
ID0719,298.28
ID0720,61.84
ID0721,303.68
ID0722,51.56
ID0723,100.56
ID0724,39.44
ID0725,108.36
ID0726,93.76
ID0727,56.52
ID0728,167.8
ID0729,33.16
ID0730,7.76
ID0731,196.16
ID0732,67
ID0733,247.56
ID0734,83.4
ID0735,28.24
ID0736,NA
ID0737,77.68
ID0738,160.32
ID0739,143.64
ID0740,11.92
ID0741,NA
ID0742,62.92
ID0743,29.2
ID0744,132.24
ID0745,91.08
ID0746,42.48
ID0747,159.04
ID0748,136.72
ID0749,88.92
ID0750,115.16
ID0751,295.88
ID0752,115.68
ID0753,216.52
ID0754,99.96
ID0755,96.48
ID0756,120.72
ID0757,79.72
ID0758,80.84
ID0759,65.16
ID0760,20.4
ID0761,219.76
ID0762,138.56
ID0763,85.04
ID0764,121.8
ID0765,172.32
ID0766,104.72
ID0767,61.84
ID0768,112.72
ID0769,288.08
ID0770,92.2
ID0771,141.88
ID0772,371.68
ID0773,166.2
ID0774,213.04
ID0775,297.04
ID0776,23.72
ID0777,194.96
ID0778,44.04
ID0779,100.4
ID0780,132.56
ID0781,432.2
ID0782,103.36
ID0783,0.24
ID0784,1.72
ID0785,67.08
ID0786,60.24
ID0787,61.88
ID0788,40.6
ID0789,136.4
ID0790,5.84
ID0791,95.36
ID0792,179.08
ID0793,233.48
ID0794,45.72
ID0795,61
ID0796,405.36
ID0797,92.52
ID0798,293.96
ID0799,95.16
ID0800,214.8
ID0801,18.12
ID0802,135.2
ID0803,120.52
ID0804,12
ID0805,37.08
ID0806,255.92
ID0807,79.76
ID0808,119.88
ID0809,86.92
ID0810,75.04
ID0811,129.72
ID0812,47.96
ID0813,154.92
ID0814,143.64
ID0815,102.64
ID0816,75.96
ID0817,86.12
ID0818,26.64
ID0819,136.24
ID0820,96.52
ID0821,60.92
ID0822,225.96
ID0823,119.12
ID0824,58.52
ID0825,90.04
ID0826,113.76
ID0827,81.96
ID0828,162.92
ID0829,56.12
ID0830,211.2
ID0831,39.88
ID0832,149.88
ID0833,378.08
ID0834,114.32
ID0835,46.12
ID0836,85.24
ID0837,68.48
ID0838,34.28
ID0839,75.44
ID0840,235.4
ID0841,NA
ID0842,36
ID0843,306.28
ID0844,249.96
ID0845,108.4
ID0846,136.84
ID0847,100.4
ID0848,83.84
ID0849,162.96
ID0850,146.36
ID0851,69.92
ID0852,115.76
ID0853,142.44
ID0854,32.16
ID0855,83.28
ID0856,0.12
ID0857,169.56
ID0858,79.16
ID0859,127.88
ID0860,88.88
ID0861,86.88
ID0862,103.76
ID0863,88.48
ID0864,155.76
ID0865,184.48
ID0866,26.64
ID0867,126.8
ID0868,198.32
ID0869,45.96
ID0870,NA
ID0871,39.08
ID0872,92.28
ID0873,NA
ID0874,0.04
ID0875,49.52
ID0876,58.44
ID0877,231.48
ID0878,80.8
ID0879,61.04
ID0880,54
ID0881,99.24
ID0882,195.88
ID0883,93.84
ID0884,89.16
ID0885,72.28
ID0886,186.44
ID0887,176.88
ID0888,127.6
ID0889,61.84
ID0890,52.48
ID0891,2.28
ID0892,142.08
ID0893,163.52
ID0894,84.44
ID0895,147.2
ID0896,40.08
ID0897,759.04
ID0898,53.76
ID0899,333.76
ID0900,80.8
ID0901,270.16
ID0902,159
ID0903,0.96
ID0904,86
ID0905,95.6
ID0906,134.44
ID0907,285.84
ID0908,163.88
ID0909,84.92
ID0910,39.16
ID0911,95.12
ID0912,201.56
ID0913,105.12
ID0914,43.76
ID0915,51.24
ID0916,214.92
ID0917,234.36
ID0918,32.76
ID0919,124.72
ID0920,NA
ID0921,56
ID0922,118.72
ID0923,153.68
ID0924,78.76
ID0925,105.84
ID0926,NA
ID0927,111.28
ID0928,129.96
ID0929,159.4
ID0930,107.76
ID0931,128.4
ID0932,79.28
ID0933,81.24
ID0934,154.04
ID0935,121.04
ID0936,121.68
ID0937,141.48
ID0938,147.88
ID0939,313.04
ID0940,166.64
ID0941,74.16
ID0942,104.52
ID0943,116
ID0944,259.76
ID0945,81.2
ID0946,38.44
ID0947,24.2
ID0948,115.48
ID0949,71.04
ID0950,84.84
ID0951,216.92
ID0952,117.48
ID0953,118.12
ID0954,NA
ID0955,120.36
ID0956,129.68
ID0957,169.64
ID0958,127.96
ID0959,134.72
ID0960,51.84
ID0961,155.24
ID0962,92.52
ID0963,76.88
ID0964,116.44
ID0965,325.84
ID0966,136.68
ID0967,75.04
ID0968,105.16
ID0969,133.84
ID0970,59.08
ID0971,92.68
ID0972,93.76
ID0973,160.4
ID0974,81.12
ID0975,1227.72
ID0976,224
ID0977,134.88
ID0978,79.76
ID0979,103.52
ID0980,281.88
ID0981,132.96
ID0982,554.48
ID0983,342.68
ID0984,105.52
ID0985,186.12
ID0986,249.08
ID0987,325
ID0988,84.48
ID0989,44.04
ID0990,77.52
ID0991,62.92
ID0992,50.92
ID0993,93.56
ID0994,147.48
ID0995,54.44
ID0996,40.28
ID0997,73.88
ID0998,60.04
ID0999,79.28
ID1000,58.72
ID1001,NA
ID1002,80
ID1003,139
ID1004,22.64
ID1005,81.72
ID1006,101.08
ID1007,113.28
ID1008,102.84
ID1009,206.28
ID1010,83.08
ID1011,95.4
ID1012,53.72
ID1013,140.88
ID1014,25.64
ID1015,75.92
ID1016,110.12
ID1017,126.2
ID1018,66.4
ID1019,84.84
ID1020,55.8
ID1021,42.64
ID1022,67.68
ID1023,86.36
ID1024,121.52
ID1025,147.92
ID1026,61.44
ID1027,111.12
ID1028,204.68
ID1029,85.92
ID1030,146.64
ID1031,125.68
ID1032,78.36
ID1033,58.08
ID1034,100.12
ID1035,38.16
ID1036,97.6
ID1037,85.28
ID1038,96.72
ID1039,169.64
ID1040,155.88
ID1041,76
ID1042,NA
ID1043,176.68
ID1044,102.48
ID1045,9.24
ID1046,200.92
ID1047,75
ID1048,57.04
ID1049,89.6
ID1050,100.16
ID1051,360.52
ID1052,90.8
ID1053,152.36
ID1054,NA
ID1055,86.28
ID1056,NA
ID1057,159.88
ID1058,105.68
ID1059,101.48
ID1060,35.36
ID1061,53.76
ID1062,100.92
ID1063,34.36
ID1064,NA
ID1065,146.44
ID1066,122.16
ID1067,129.4
ID1068,77.52
ID1069,66.12
ID1070,96.88
ID1071,206.48
ID1072,89.04
ID1073,91.92
ID1074,NA
ID1075,47.68
ID1076,68.24
ID1077,87.84
ID1078,174.92
ID1079,362.28
ID1080,110.52
ID1081,101.64
ID1082,NA
ID1083,116.84
ID1084,263.28
ID1085,58.64
ID1086,NA
ID1087,101.88
ID1088,NA
ID1089,208.76
ID1090,66.56
ID1091,122
ID1092,98.16
ID1093,75.2
ID1094,383.72
ID1095,56.8
ID1096,125.6
ID1097,NA
ID1098,NA
ID1099,22.08
ID1100,128.4
ID1101,251.48
ID1102,143.2
ID1103,125.96
ID1104,58.68
ID1105,79.4
ID1106,94.8
ID1107,79.92
ID1108,249.64
ID1109,27.36
ID1110,178.64
ID1111,231.12
ID1112,43.16
ID1113,59.88
ID1114,235.88
ID1115,139.52
ID1116,53
ID1117,NA
ID1118,59.28
ID1119,63.96
ID1120,33.12
ID1121,188.8
ID1122,113.76
ID1123,93.76
ID1124,121.84
ID1125,65.04
ID1126,254.92
ID1127,NA
ID1128,169.72
ID1129,41.32
ID1130,84.96
ID1131,129
ID1132,901.68
ID1133,73.4
ID1134,135.28
ID1135,62.48
ID1136,85
ID1137,NA
ID1138,102.68
ID1139,NA
ID1140,85.32
ID1141,142.08
ID1142,NA
ID1143,104.24
ID1144,140.52
ID1145,104.76
ID1146,80.92
ID1147,122.76
ID1148,460.4
ID1149,100.28
ID1150,122
ID1151,120.96
ID1152,51.36
ID1153,79.28
ID1154,32.68
ID1155,54.72
ID1156,156.88
ID1157,63.16
ID1158,77.2
ID1159,388.92
ID1160,68.84
ID1161,95.72
ID1162,NA
ID1163,376.56
ID1164,154.44
ID1165,1015.56
ID1166,84.04
ID1167,113.2
ID1168,102.16
ID1169,52.68
ID1170,26.12
ID1171,110.28
ID1172,33.24
ID1173,24.16
ID1174,48.68
ID1175,226.76
ID1176,274.72
ID1177,243.84
ID1178,31.16
ID1179,30.52
ID1180,147.92
ID1181,68.36
ID1182,70.2
ID1183,237.52
ID1184,492.64
ID1185,39.6
ID1186,47.16
ID1187,67.68
ID1188,250.44
ID1189,214.92
ID1190,31.76
ID1191,215.52
ID1192,106.16
ID1193,185.76
ID1194,78.12
ID1195,NA
ID1196,217.6
ID1197,189.84
ID1198,50.88
ID1199,136.08
ID1200,92.52
ID1201,112.48
ID1202,100.76
ID1203,184.4
ID1204,69.52
ID1205,172.88
ID1206,68
ID1207,64.64
ID1208,297.04
ID1209,91.36
ID1210,55.44
ID1211,150.32
ID1212,93.64
ID1213,67.64
ID1214,422.32
ID1215,90.88
ID1216,NA
ID1217,106.96
ID1218,67.84
ID1219,78.24
ID1220,89.04
ID1221,NA
ID1222,64.24
ID1223,75.88
ID1224,158.04
ID1225,130.92
ID1226,12.24
ID1227,249.72
ID1228,177.84
ID1229,200.88
ID1230,136.08
ID1231,134.92
ID1232,108.56
ID1233,102.08
ID1234,94.76
ID1235,90.84
ID1236,199.12
ID1237,134.48
ID1238,112.28
ID1239,47.64
ID1240,147.28
ID1241,56.92
ID1242,7.08
ID1243,64
ID1244,229.72
ID1245,86.28
ID1246,136.76
ID1247,NA
ID1248,68.6
ID1249,142.2
ID1250,81.12
ID1251,253.36
ID1252,75.68
ID1253,125.84
ID1254,158.2
ID1255,NA
ID1256,151.6
ID1257,131.4
ID1258,115.92
ID1259,37.48
ID1260,0.32
ID1261,71.2
ID1262,429.48
ID1263,117.56
ID1264,64.28
ID1265,101.8
ID1266,51.84
ID1267,134.8
ID1268,59.32
ID1269,1.64
ID1270,86.28
ID1271,197.04
ID1272,578.68
ID1273,346.4
ID1274,156.32
ID1275,124.2
ID1276,87.16
ID1277,189.48
ID1278,78.36
ID1279,116.12
ID1280,45.52
ID1281,61.28
ID1282,301.76
ID1283,113.32
ID1284,763.36
ID1285,7
ID1286,63.12
ID1287,326
ID1288,163.24
ID1289,9.84
ID1290,238.4
ID1291,85.52
ID1292,219.76
ID1293,16.16
ID1294,17.2
ID1295,86.08
ID1296,93.64
ID1297,69.4
ID1298,120.28
ID1299,117.12
ID1300,102.56
ID1301,124.72
ID1302,105.68
ID1303,29.96
ID1304,148.4
ID1305,134.8
ID1306,44.52
ID1307,162.88
ID1308,46.64
ID1309,26.44
ID1310,85.88
ID1311,81.64
ID1312,73.36
ID1313,51.2
ID1314,163.16
ID1315,123.84
ID1316,110.8
ID1317,57.92
ID1318,25.44
ID1319,41.12
ID1320,69.88
ID1321,199.88
ID1322,170.72
ID1323,171.92
ID1324,NA
ID1325,74.08
ID1326,43.04
ID1327,124.88
ID1328,151.4
ID1329,190.48
ID1330,182.4
ID1331,41.32
ID1332,65.4
ID1333,176.32
ID1334,174.28
ID1335,425.72
ID1336,238.68
ID1337,105.88
ID1338,114.48
ID1339,81
ID1340,54.92
ID1341,15.96
ID1342,108
ID1343,112
ID1344,92.56
ID1345,284.08
ID1346,206.84
ID1347,76.56
ID1348,82.72
ID1349,9.04
ID1350,264.6
ID1351,143.2
ID1352,82.12
ID1353,101.8
ID1354,224.12
ID1355,124.48
ID1356,83.32
ID1357,177.8
ID1358,137.44
ID1359,82.64
ID1360,65.56
ID1361,91.32
ID1362,211.4
ID1363,92.16
ID1364,161.92
ID1365,42.44
ID1366,95.32
ID1367,96.92
ID1368,39.88
ID1369,136.8
ID1370,61.68
ID1371,87.24
ID1372,49
ID1373,55.72
ID1374,135.72
ID1375,NA
ID1376,13.48
ID1377,329.88
ID1378,207.8
ID1379,172.04
ID1380,37.4
ID1381,167.96
ID1382,156.6
ID1383,82.56
ID1384,153.6
ID1385,130.12
ID1386,82
ID1387,35.56
ID1388,211.28
ID1389,55.92
ID1390,24.84
ID1391,82.32
ID1392,201.92
ID1393,101.2
ID1394,135.92
ID1395,80.12
ID1396,127.4
ID1397,9
ID1398,84.64
ID1399,195.92
ID1400,508.68
ID1401,9.84
ID1402,87
ID1403,21.48
ID1404,97.44
ID1405,0
ID1406,170.04
ID1407,166.96
ID1408,122.28
ID1409,40.72
ID1410,190.72
ID1411,95.68
ID1412,88.72
ID1413,72.56
ID1414,NA
ID1415,225.88
ID1416,56.84
ID1417,154.56
ID1418,63.76
ID1419,45.88
ID1420,199.96
ID1421,89.48
ID1422,83.6
ID1423,137.56
ID1424,112
ID1425,116.12
ID1426,109.76
ID1427,66.16
ID1428,18.64
ID1429,93.28
ID1430,73.64
ID1431,22.16
ID1432,31.92
ID1433,101.88
ID1434,58.72
ID1435,88.92
ID1436,96.72
ID1437,96.28
ID1438,NA
ID1439,31.4
ID1440,53.84
ID1441,48.64
ID1442,43.24
ID1443,219.96
ID1444,NA
ID1445,171.12
ID1446,9.24
ID1447,85.12
ID1448,24.2
ID1449,116.88
ID1450,65.64
ID1451,54.08
ID1452,117.16
ID1453,36.4
ID1454,151.16
ID1455,184.12
ID1456,87.72
ID1457,88.72
ID1458,355.08
ID1459,84.08
ID1460,NA
ID1461,253.52
ID1462,122.96
ID1463,18.04
ID1464,56.28
ID1465,114.68
ID1466,178.36
ID1467,12.28
ID1468,72.88
ID1469,84.44
ID1470,127.4
ID1471,82.48
ID1472,191.72
ID1473,73.44
ID1474,81.96
ID1475,95.56
ID1476,49.56
ID1477,92.6
ID1478,458.88
ID1479,90.04
ID1480,140.8
ID1481,201.52
ID1482,51.36
ID1483,81.44
ID1484,NA
ID1485,63.44
ID1486,65
ID1487,34.88
ID1488,145.84
ID1489,89.96
ID1490,124.92
ID1491,186.72
ID1492,107.92
ID1493,97.44
ID1494,72.84
ID1495,19.2
ID1496,290.4
ID1497,125.32
ID1498,84.64
ID1499,178.92
ID1500,81.4
ID1501,12.48
ID1502,34.52
ID1503,46.64
ID1504,73.48
ID1505,NA
ID1506,45.24
ID1507,160.04
ID1508,76.4
ID1509,29.8
ID1510,NA
ID1511,49.52
ID1512,203.32
ID1513,20.24
ID1514,85.64
ID1515,25.68
ID1516,80.24
ID1517,66.4
ID1518,125.84
ID1519,77.8
ID1520,160.92
ID1521,NA
ID1522,25.64
ID1523,85.96
ID1524,93.08
ID1525,172.08
ID1526,65.24
ID1527,74.08
ID1528,59.36
ID1529,73.04
ID1530,61.24
ID1531,82.44
ID1532,76.8
ID1533,84.64
ID1534,23.16
ID1535,166.92
ID1536,103.68
ID1537,49.28
ID1538,118.96
ID1539,48.24
ID1540,75.64
ID1541,231.6
ID1542,61
ID1543,85.32
ID1544,63.84
ID1545,133.76
ID1546,124.64
ID1547,70.52
ID1548,20
ID1549,39.28
ID1550,99.36
ID1551,132.04
ID1552,75.64
ID1553,96.2
ID1554,44.48
ID1555,105.12
ID1556,125.68
ID1557,65.08
ID1558,83.24
ID1559,175
ID1560,27.52
ID1561,13.72
ID1562,155.12
ID1563,64.68
ID1564,164.12
ID1565,254.2
ID1566,4.52
ID1567,132.96
ID1568,29.32
ID1569,61.68
ID1570,137.68
ID1571,79.04
ID1572,NA
ID1573,166.52
ID1574,142.16
ID1575,59.76
ID1576,140.6
ID1577,20.96
ID1578,317.12
ID1579,118.6
ID1580,108.04
ID1581,261.08
ID1582,63.96
ID1583,NA
ID1584,12.6
ID1585,108.6
ID1586,124
ID1587,103.64
ID1588,280.96
ID1589,113.48
ID1590,86.72
ID1591,123.24
ID1592,148.12
ID1593,134.4
ID1594,141.6
ID1595,68.44
ID1596,86.16
ID1597,95.24
ID1598,91.28
ID1599,123
ID1600,259.4
ID1601,75.28
ID1602,NA
ID1603,269.04
ID1604,227.92
ID1605,215.4
ID1606,174.72
ID1607,NA
ID1608,97.56
ID1609,57
ID1610,100.16
ID1611,192.2
ID1612,77.72
ID1613,244.6
ID1614,123.24
ID1615,131.92
ID1616,97.96
ID1617,107.16
ID1618,94.48
ID1619,151.92
ID1620,229.96
ID1621,244.96
ID1622,238.4
ID1623,177.96
ID1624,96.4
ID1625,652
ID1626,37.52
ID1627,209.68
ID1628,69.72
ID1629,105.52
ID1630,192.72
ID1631,71.92
ID1632,79.8
ID1633,97.84
ID1634,155.44
ID1635,56.6
ID1636,10.16
ID1637,83.92
ID1638,80.2
ID1639,21.44
ID1640,29
ID1641,165.28
ID1642,154.72
ID1643,93.56
ID1644,110.68
ID1645,59.16
ID1646,216
ID1647,113.96
ID1648,72.08
ID1649,67.72
ID1650,117.44
ID1651,121
ID1652,72.72
ID1653,428.36
ID1654,79
ID1655,106.2
ID1656,57.28
ID1657,180.08
ID1658,349.76
ID1659,191.24
ID1660,73.68
ID1661,60.84
ID1662,52.56
ID1663,159.08
ID1664,97.68
ID1665,238.04
ID1666,417.88
ID1667,95.32
ID1668,123.44
ID1669,205.2
ID1670,32.48
ID1671,68.04
ID1672,231.88
ID1673,61.04
ID1674,56.68
ID1675,77.6
ID1676,238.8
ID1677,300.72
ID1678,165.8
ID1679,247.72
ID1680,281.36
ID1681,168.12
ID1682,68.12
ID1683,257.88
ID1684,269.04
ID1685,113
ID1686,240.72
ID1687,149.36
ID1688,53.36
ID1689,193.68
ID1690,92.56
ID1691,63.92
ID1692,91.4
ID1693,147.76
ID1694,174.36
ID1695,NA
ID1696,72.52
ID1697,204.24
ID1698,79.16
ID1699,16.6
ID1700,180.28
ID1701,102.04
ID1702,44.04
ID1703,126.6
ID1704,134.52
ID1705,104.52
ID1706,37.88
ID1707,28.88
ID1708,153.28
ID1709,NA
ID1710,159.16
ID1711,70
ID1712,54.04
ID1713,183.76
ID1714,122.52
ID1715,NA
ID1716,227.08
ID1717,95.96
ID1718,314.96
ID1719,108.84
ID1720,147.96
ID1721,274.36
ID1722,98.76
ID1723,92.44
ID1724,40.88
ID1725,505.44
ID1726,63.32
ID1727,65.32
ID1728,122.72
ID1729,162.92
ID1730,187.88
ID1731,61.8
ID1732,137.4
ID1733,67.16
ID1734,155.24
ID1735,7.64
ID1736,121.08
ID1737,139.72
ID1738,81
ID1739,152.68
ID1740,64.48
ID1741,144.44
ID1742,148.88
ID1743,588.4
ID1744,37.8
ID1745,88.32
ID1746,145.16
ID1747,543.2
ID1748,67.28
ID1749,193.36
ID1750,95.24
ID1751,150.96
ID1752,100.72
ID1753,108.2
ID1754,68.4
ID1755,53.44
ID1756,58.12
ID1757,133.72
ID1758,109.64
ID1759,21.44
ID1760,56.28
ID1761,68.8
ID1762,402.96
ID1763,25.76
ID1764,NA
ID1765,63.4
ID1766,67.84
ID1767,78.28
ID1768,222.92
ID1769,85.08
ID1770,NA
ID1771,241.88
ID1772,8.6
ID1773,198.48
ID1774,149.4
ID1775,102.48
ID1776,120.4
ID1777,351.32
ID1778,217.68
ID1779,75.64
ID1780,110.72
ID1781,364.68
ID1782,3.52
ID1783,0.12
ID1784,292.16
ID1785,81.88
ID1786,41.04
ID1787,74.88
ID1788,14.16
ID1789,77.64
ID1790,323.68
ID1791,82.28
ID1792,NA
ID1793,94.52
ID1794,130.8
ID1795,23.32
ID1796,147.68
ID1797,115.84
ID1798,138.52
ID1799,18.56
ID1800,74.6
ID1801,63.48
ID1802,NA
ID1803,76.72
ID1804,89.24
ID1805,113.96
ID1806,63.04
ID1807,49.2
ID1808,32.72
ID1809,58.88
ID1810,115.8
ID1811,101.12
ID1812,NA
ID1813,70.32
ID1814,84.88
ID1815,45.32
ID1816,275.44
ID1817,137.64
ID1818,323.68
ID1819,112.04
ID1820,206.32
ID1821,234.96
ID1822,99.08
ID1823,72.24
ID1824,64.8
ID1825,61.64
ID1826,90.36
ID1827,80.64
ID1828,198.84
ID1829,81.8
ID1830,102.08
ID1831,80.24
ID1832,66.08
ID1833,79.8
ID1834,102.64
ID1835,131.76
ID1836,83.12
ID1837,10.36
ID1838,187.56
ID1839,34.72
ID1840,60.6
ID1841,7
ID1842,103.2
ID1843,138.72
ID1844,91.36
ID1845,156.28
ID1846,180.8
ID1847,184.68
ID1848,96.92
ID1849,0
ID1850,137.8
ID1851,75.56
ID1852,20.44
ID1853,112.52
ID1854,163.16
ID1855,114.24
ID1856,126.88
ID1857,NA
ID1858,107.56
ID1859,29.2
ID1860,74.76
ID1861,83.16
ID1862,151.72
ID1863,113.16
ID1864,20.4
ID1865,43.16
ID1866,62.12
ID1867,60.56
ID1868,NA
ID1869,83.6
ID1870,124.36
ID1871,92.96
ID1872,452.6
ID1873,NA
ID1874,138.64
ID1875,158.44
ID1876,48.72
ID1877,197.84
ID1878,124.6
ID1879,80.52
ID1880,235.68
ID1881,172.56
ID1882,16.84
ID1883,102.68
ID1884,87.36
ID1885,24.92
ID1886,83.28
ID1887,149.92
ID1888,67.04
ID1889,90.16
ID1890,66.84
ID1891,58.36
ID1892,48.8
ID1893,76.2
ID1894,53.16
ID1895,217.08
ID1896,108.52
ID1897,78.56
ID1898,50.36
ID1899,NA
ID1900,17.4
ID1901,105.04
ID1902,155.16
ID1903,56.36
ID1904,27.08
ID1905,32.76
ID1906,173.44
ID1907,74.88
ID1908,171.4
ID1909,65.48
ID1910,38.24
ID1911,93.76
ID1912,149.12
ID1913,104.12
ID1914,8.04
ID1915,88.4
ID1916,155.16
ID1917,142.44
ID1918,132.24
ID1919,70.76
ID1920,102.92
ID1921,11.64
ID1922,74.96
ID1923,62.64
ID1924,NA
ID1925,173.24
ID1926,183.28
ID1927,43.52
ID1928,25.88
ID1929,98.84
ID1930,36.88
ID1931,141
ID1932,48.16
ID1933,153.88
ID1934,86.04
ID1935,76.04
ID1936,97.24
ID1937,213.44
ID1938,NA
ID1939,31
ID1940,48.52
ID1941,78.04
ID1942,148.16
ID1943,NA
ID1944,64.88
ID1945,272.96
ID1946,63.68
ID1947,379.16
ID1948,95.24
ID1949,139.72
ID1950,1073.96
ID1951,48.84
ID1952,115.6
ID1953,36.92
ID1954,70.12
ID1955,113.32
ID1956,286.12
ID1957,NA
ID1958,18.52
ID1959,174.64
ID1960,83.88
ID1961,181.12
ID1962,51.2
ID1963,1.36
ID1964,150.36
ID1965,NA
ID1966,131.76
ID1967,42.12
ID1968,92.16
ID1969,561.96
ID1970,108.92
ID1971,101.96
ID1972,82.84
ID1973,55.8
ID1974,127.04
ID1975,52.28
ID1976,12.4
ID1977,71.84
ID1978,342.56
ID1979,106.48
ID1980,126.2
ID1981,86.64
ID1982,179.2
ID1983,97.52
ID1984,118.08
ID1985,212.96
ID1986,0
ID1987,149.96
ID1988,31.96
ID1989,29.8
ID1990,117.56
ID1991,117.72
ID1992,387.84
ID1993,214.16
ID1994,130.64
ID1995,95.52
ID1996,78.88
ID1997,135.36
ID1998,186.8
ID1999,47.68
ID2000,77.8
ID2001,247.2
ID2002,80.56
ID2003,33.4
ID2004,70.52
ID2005,71.56
ID2006,50.48
ID2007,38.28
ID2008,186.68
ID2009,NA
ID2010,52.92
ID2011,105.92
ID2012,129.88
ID2013,97.48
ID2014,74.84
ID2015,5.4
ID2016,57.68
ID2017,511.92
ID2018,NA
ID2019,22.6
ID2020,78.64
ID2021,89.56
ID2022,79.88
ID2023,181
ID2024,18.64
ID2025,100.36
ID2026,121.8
ID2027,280.08
ID2028,99.6
ID2029,NA
ID2030,84.68
ID2031,56.64
ID2032,112.2
ID2033,93.84
ID2034,19.96
ID2035,NA
ID2036,140.24
ID2037,87.84
ID2038,150.2
ID2039,40
ID2040,124
ID2041,233.52
ID2042,355.24
ID2043,98.52
ID2044,64.2
ID2045,145.12
ID2046,112.04
ID2047,205.84
ID2048,127.32
ID2049,119.08
ID2050,37.64
ID2051,125.4
ID2052,44.44
ID2053,87.92
ID2054,111.52
ID2055,11
ID2056,73
ID2057,187
ID2058,NA
ID2059,83.12
ID2060,121.44
ID2061,86.36
ID2062,105.6
ID2063,85.88
ID2064,297.72
ID2065,84.68
ID2066,82.16
ID2067,114.48
ID2068,78.92
ID2069,70.44
ID2070,94.52
ID2071,125.16
ID2072,429.96
ID2073,78.88
ID2074,33.76
ID2075,33.48
ID2076,187.12
ID2077,213.92
ID2078,88.04
ID2079,142.88
ID2080,193.04
ID2081,105.4
ID2082,172.88
ID2083,139.44
ID2084,82.92
ID2085,29.24
ID2086,NA
ID2087,53.04
ID2088,4
ID2089,84.56
ID2090,NA
ID2091,92.6
ID2092,55.52
ID2093,25.92
ID2094,73.84
ID2095,NA
ID2096,80.48
ID2097,191.76
ID2098,27.32
ID2099,86
ID2100,88.12
ID2101,163.6
ID2102,27.08
ID2103,58.12
ID2104,54.4
ID2105,103.8
ID2106,129.6
ID2107,126.12
ID2108,175.72
ID2109,62.76
ID2110,78.92
ID2111,83.92
ID2112,157
ID2113,175.84
ID2114,180.36
ID2115,65.4
ID2116,110.8
ID2117,274
ID2118,175.6
ID2119,60.96
ID2120,27.96
ID2121,48.72
ID2122,156.72
ID2123,58.56
ID2124,0.08
ID2125,0
ID2126,95
ID2127,105.44
ID2128,50.48
ID2129,NA
ID2130,79.68
ID2131,230.6
ID2132,159.44
ID2133,114.64
ID2134,56.16
ID2135,21.8
ID2136,53.16
ID2137,226.64
ID2138,87.16
ID2139,119.28
ID2140,344.16
ID2141,165.28
ID2142,165.68
ID2143,121.04
ID2144,182.32
ID2145,6.12
ID2146,77.36
ID2147,269.12
ID2148,83.72
ID2149,197.32
ID2150,192.32
ID2151,83.4
ID2152,144.8
ID2153,186.28
ID2154,12.56
ID2155,120.28
ID2156,62.36
ID2157,64.04
ID2158,16.32
ID2159,42.44
ID2160,58.88
ID2161,NA
ID2162,0.24
ID2163,316.68
ID2164,45.16
ID2165,129.24
ID2166,57.64
ID2167,364.16
ID2168,125.4
ID2169,78
ID2170,180.2
ID2171,73.4
ID2172,146.92
ID2173,107.48
ID2174,81.36
ID2175,123.44
ID2176,91.52
ID2177,37
ID2178,78.92
ID2179,216.68
ID2180,67.84
ID2181,50.64
ID2182,NA
ID2183,69.72
ID2184,121.52
ID2185,86.36
ID2186,945.48
ID2187,37.32
ID2188,41.16
ID2189,67.96
ID2190,47.6
ID2191,31.6
ID2192,51.68
ID2193,163.36
ID2194,283.04
ID2195,132.16
ID2196,38.24
ID2197,48.28
ID2198,160.56
ID2199,2.16
ID2200,70
ID2201,110.64
ID2202,103.68
ID2203,51.24
ID2204,8.16
ID2205,179.24
ID2206,45.76
ID2207,137.4
ID2208,106.8
ID2209,241.96
ID2210,259
ID2211,128.36
ID2212,72.44
ID2213,77.84
ID2214,56.24
ID2215,77.44
ID2216,10.6
ID2217,520.36
ID2218,NA
ID2219,292.08
ID2220,551.44
ID2221,323.24
ID2222,43.2
ID2223,260.2
ID2224,42.8
ID2225,92.72
ID2226,130.76
ID2227,64
ID2228,147.08
ID2229,323.4
ID2230,173.88
ID2231,97.4
ID2232,30.2
ID2233,94.96
ID2234,96.6
ID2235,NA
ID2236,62.68
ID2237,100.24
ID2238,NA
ID2239,183.32
ID2240,117.52
ID2241,89.04
ID2242,68
ID2243,128.8
ID2244,94.52
ID2245,101.92
ID2246,206.2
ID2247,126.92
ID2248,174.36
ID2249,124.24
ID2250,127.76
ID2251,442.76
ID2252,50.88
ID2253,68.68
ID2254,118.8
ID2255,77.32
ID2256,0.28
ID2257,247.96
ID2258,41.32
ID2259,89.36
ID2260,77.24
ID2261,120.88
ID2262,257.36
ID2263,127.92
ID2264,65.72
ID2265,111.6
ID2266,130.08
ID2267,22.6
ID2268,69.32
ID2269,99.8
ID2270,NA
ID2271,51.8
ID2272,NA
ID2273,251.48
ID2274,92.12
ID2275,167.12
ID2276,142.8
ID2277,56.72
ID2278,271.56
ID2279,84.08
ID2280,228.44
ID2281,105.72
ID2282,57.68
ID2283,22.8
ID2284,72.36
ID2285,132.84
ID2286,96.32
ID2287,78.04
ID2288,239
ID2289,114.72
ID2290,22.04
ID2291,28.96
ID2292,57.72
ID2293,136.2
ID2294,91.64
ID2295,43.04
ID2296,43.4
ID2297,48.96
ID2298,77.76
ID2299,25.84
ID2300,98.84
ID2301,NA
ID2302,102.68
ID2303,70.52
ID2304,50.96
ID2305,18.32
ID2306,234.88
ID2307,217.68
ID2308,114
ID2309,79.48
ID2310,194.76
ID2311,91.48
ID2312,379.4
ID2313,232.28
ID2314,108.12
ID2315,53.88
ID2316,98.76
ID2317,NA
ID2318,55.4
ID2319,93.96
ID2320,49.04
ID2321,108
ID2322,85.76
ID2323,245.64
ID2324,98.96
ID2325,0.48
ID2326,36
ID2327,46.2
ID2328,111.96
ID2329,129.36
ID2330,143.4
ID2331,74.24
ID2332,112.64
ID2333,55.68
ID2334,89.76
ID2335,302.64
ID2336,26.12
ID2337,62.76
ID2338,198
ID2339,59.44
ID2340,27.04
ID2341,60.72
ID2342,179.28
ID2343,76.44
ID2344,145.6
ID2345,65.48
ID2346,145.36
ID2347,44.32
ID2348,NA
ID2349,83.68
ID2350,319.24
ID2351,98.4
ID2352,35.56
ID2353,81.72
ID2354,125.68
ID2355,185.96
ID2356,142.84
ID2357,104.32
ID2358,130.08
ID2359,157.12
ID2360,108.6
ID2361,99.92
ID2362,73.8
ID2363,381.36
ID2364,43
ID2365,80.72
ID2366,80.92
ID2367,69.28
ID2368,215.32
ID2369,114.08
ID2370,102.92
ID2371,82.84
ID2372,223
ID2373,1.44
ID2374,70.6
ID2375,81.8
ID2376,120.68
ID2377,214.6
ID2378,NA
ID2379,152.88
ID2380,91.84
ID2381,108.24
ID2382,117.8
ID2383,95.6
ID2384,171.52
ID2385,59.32
ID2386,NA
ID2387,140.48
ID2388,151.28
ID2389,56.16
ID2390,58.36
ID2391,388.92
ID2392,68.6
ID2393,86.4
ID2394,NA
ID2395,219.76
ID2396,149.44
ID2397,95
ID2398,226.96
ID2399,40.28
ID2400,76.96
ID2401,21.72
ID2402,63.36
ID2403,44.8
ID2404,91.76
ID2405,96.4
ID2406,100.6
ID2407,135.44
ID2408,93
ID2409,154.88
ID2410,108.72
ID2411,190.92
ID2412,109
ID2413,89.16
ID2414,105.52
ID2415,69.4
ID2416,312.24
ID2417,231.96
ID2418,146
ID2419,170.24
ID2420,492.92
ID2421,109.4
ID2422,257.16
ID2423,35
ID2424,74.12
ID2425,141.44
ID2426,NA
ID2427,110.76
ID2428,98.4
ID2429,84.2
ID2430,86.76
ID2431,118.48
ID2432,84.8
ID2433,162.48
ID2434,19.68
ID2435,35.6
ID2436,88.08
ID2437,112.16
ID2438,168.84
ID2439,NA
ID2440,203.32
ID2441,83.4
ID2442,68
ID2443,83.96
ID2444,6.08
ID2445,29.32
ID2446,97
ID2447,4.72
ID2448,180.92
ID2449,58.68
ID2450,343.6
ID2451,83.28
ID2452,100.24
ID2453,79.16
ID2454,160.64
ID2455,53.52
ID2456,154
ID2457,59.72
ID2458,98.24
ID2459,103.96
ID2460,80.52
ID2461,80
ID2462,272.16
ID2463,29.8
ID2464,80.2
ID2465,37.88
ID2466,39.56
ID2467,121.2
ID2468,100.84
ID2469,200.8
ID2470,249
ID2471,69.84
ID2472,40.2
ID2473,127.24
ID2474,120.68
ID2475,47.96
ID2476,99.32
ID2477,46.36
ID2478,0.08
ID2479,45.24
ID2480,313.16
ID2481,326.24
ID2482,100.44
ID2483,137.68
ID2484,48.28
ID2485,89.48
ID2486,284.44
ID2487,39.6
ID2488,60.08
ID2489,60.88
ID2490,137.4
ID2491,80.64
ID2492,39.16
ID2493,88.76
ID2494,109.6
ID2495,11.08
ID2496,134.4
ID2497,126.28
ID2498,78.28
ID2499,105.28
ID2500,41.6
ID2501,46.92
ID2502,56.28
ID2503,160.88
ID2504,90.32
ID2505,119.48
ID2506,34.72
ID2507,97.6
ID2508,85.32
ID2509,29.32
ID2510,77.28
ID2511,44.32
ID2512,106.36
ID2513,117.16
ID2514,119.4
ID2515,90
ID2516,42
ID2517,103.6
ID2518,103.56
ID2519,89.68
ID2520,132.88
ID2521,104.88
ID2522,83.4
ID2523,72.92
ID2524,203.88
ID2525,83.72
ID2526,NA
ID2527,83.96
ID2528,170.64
ID2529,54.68
ID2530,31
ID2531,49.2
ID2532,162.76
ID2533,294.68
ID2534,0
ID2535,98.88
ID2536,83.04
ID2537,85.2
ID2538,87.56
ID2539,104.04
ID2540,78.96
ID2541,75.48
ID2542,12.44
ID2543,0.8
ID2544,60.24
ID2545,164.12
ID2546,47.24
ID2547,117.88
ID2548,85.64
ID2549,38.6
ID2550,34.56
ID2551,131.4
ID2552,157.12
ID2553,NA
ID2554,117.2
ID2555,97.28
ID2556,39.52
ID2557,98.88
ID2558,134.16
ID2559,242.04
ID2560,279.6
ID2561,334.12
ID2562,NA
ID2563,89.48
ID2564,156.24
ID2565,74.48
ID2566,123.44
ID2567,104.48
ID2568,189.64
ID2569,97.4
ID2570,NA
ID2571,97.32
ID2572,57.32
ID2573,150.52
ID2574,27.52
ID2575,51.24
ID2576,108.88
ID2577,165
ID2578,54.88
ID2579,41.8
ID2580,90.72
ID2581,212.8
ID2582,NA
ID2583,193.32
ID2584,250.08
ID2585,99.6
ID2586,195.84
ID2587,94.4
ID2588,479.72
ID2589,73.76
ID2590,123.68
ID2591,6.16
ID2592,12.96
ID2593,103.2
ID2594,161.08
ID2595,48.4
ID2596,148.04
ID2597,141.2
ID2598,114.44
ID2599,118.24
ID2600,158.56
ID2601,106.52
ID2602,65.64
ID2603,86.08
ID2604,165.92
ID2605,104.16
ID2606,78.52
ID2607,29.72
ID2608,150.76
ID2609,382.8
ID2610,194.56
ID2611,61.32
ID2612,70.56
ID2613,139.92
ID2614,469.48
ID2615,165.6
ID2616,515.32
ID2617,47.2
ID2618,92.92
ID2619,32.28
ID2620,136.96
ID2621,264.88
ID2622,278.52
ID2623,76.44
ID2624,47.2
ID2625,95.68
ID2626,55.08
ID2627,64.68
ID2628,229.36
ID2629,138.32
ID2630,157.36
ID2631,110.92
ID2632,264.04
ID2633,96.28
ID2634,275.04
ID2635,60.52
ID2636,166.92
ID2637,130.52
ID2638,62.2
ID2639,128.76
ID2640,77.6
ID2641,49.16
ID2642,63.4
ID2643,77.52
ID2644,93.76
ID2645,92.32
ID2646,31.4
ID2647,74.32
ID2648,2.96
ID2649,155.48
ID2650,177.92
ID2651,68
ID2652,8.36
ID2653,107.24
ID2654,119.6
ID2655,55.44
ID2656,81.72
ID2657,10.64
ID2658,28.48
ID2659,57.52
ID2660,938.24
ID2661,52.52
ID2662,84.28
ID2663,131.36
ID2664,9.8
ID2665,71.28
ID2666,93.48
ID2667,42.16
ID2668,77.4
ID2669,82.72
ID2670,122.68
ID2671,74.16
ID2672,141.68
ID2673,56.88
ID2674,45.4
ID2675,76.12
ID2676,57.08
ID2677,105.96
ID2678,112.04
ID2679,62.36
ID2680,82.76
ID2681,271.04
ID2682,128.48
ID2683,109.52
ID2684,59.72
ID2685,45.6
ID2686,93.64
ID2687,59.44
ID2688,20.28
ID2689,90.24
ID2690,107.68
ID2691,106.52
ID2692,63.8
ID2693,13.36
ID2694,1.56
ID2695,67.28
ID2696,130.52
ID2697,37.32
ID2698,103.76
ID2699,163.24
ID2700,43.16
ID2701,180
ID2702,108.48
ID2703,133.6
ID2704,95.8
ID2705,49.28
ID2706,23.72
ID2707,89.52
ID2708,151.48
ID2709,145.72
ID2710,150.8
ID2711,79.28
ID2712,127.4
ID2713,106.64
ID2714,131.68
ID2715,105.76
ID2716,134.4
ID2717,282.12
ID2718,151.44
ID2719,75.6
ID2720,26.44
ID2721,6.44
ID2722,78.88
ID2723,111.68
ID2724,87.56
ID2725,269.96
ID2726,407.24
ID2727,139.28
ID2728,75.48
ID2729,93.4
ID2730,77.24
ID2731,53.2
ID2732,93.96
ID2733,138.04
ID2734,87.36
ID2735,348.04
ID2736,85.52
ID2737,84.4
ID2738,129.56
ID2739,140.24
ID2740,85.6
ID2741,55.56
ID2742,94.32
ID2743,55.24
ID2744,114.36
ID2745,34.44
ID2746,158.04
ID2747,36.08
ID2748,140.08
ID2749,66.44
ID2750,55.28
ID2751,91.68
ID2752,87.4
ID2753,81
ID2754,188.52
ID2755,86.52
ID2756,58.52
ID2757,59.68
ID2758,114.6
ID2759,NA
ID2760,66
ID2761,111.6
ID2762,117.6
ID2763,124.76
ID2764,165.28
ID2765,117.68
ID2766,NA
ID2767,98.56
ID2768,107.2
ID2769,62.92
ID2770,1026.88
ID2771,166.32
ID2772,67.48
ID2773,45.36
ID2774,418.08
ID2775,66.92
ID2776,63.36
ID2777,38.92
ID2778,551.12
ID2779,77.48
ID2780,267.88
ID2781,245.4
ID2782,41.2
ID2783,15.48
ID2784,103.96
ID2785,90.8
ID2786,80.24
ID2787,74.36
ID2788,198.64
ID2789,165.8
ID2790,146.64
ID2791,81
ID2792,49.2
ID2793,104.88
ID2794,29.4
ID2795,116.24
ID2796,90.72
ID2797,69.52
ID2798,140.84
ID2799,136.52
ID2800,108.28
ID2801,81.16
ID2802,221.04
ID2803,84.56
ID2804,57
ID2805,73.8
ID2806,113.64
ID2807,97.4
ID2808,10.96
ID2809,188.48
ID2810,272.4
ID2811,139.72
ID2812,86.84
ID2813,138.52
ID2814,199.12
ID2815,187.64
ID2816,296
ID2817,198.76
ID2818,40.6
ID2819,91
ID2820,33.64
ID2821,92.08
ID2822,75.8
ID2823,45.92
ID2824,123.88
ID2825,49.12
ID2826,139.76
ID2827,154.24
ID2828,46.04
ID2829,41.4
ID2830,194.92
ID2831,79.96
ID2832,117.96
ID2833,22.16
ID2834,135.92
ID2835,109.08
ID2836,110.04
ID2837,166.56
ID2838,127
ID2839,135.76
ID2840,113.76
ID2841,79
ID2842,99.64
ID2843,81.68
ID2844,83.96
ID2845,117.48
ID2846,93.28
ID2847,112.8
ID2848,NA
ID2849,83.64
ID2850,113.08
ID2851,53.76
ID2852,77.56
ID2853,63.04
ID2854,217.44
ID2855,169.6
ID2856,NA
ID2857,41.64
ID2858,100.2
ID2859,127.96
ID2860,188.8
ID2861,67.68
ID2862,120.88
ID2863,0.12
ID2864,61.16
ID2865,62.88
ID2866,28.92
ID2867,30.84
ID2868,126.8
ID2869,418.08
ID2870,79.96
ID2871,20.08
ID2872,66.32
ID2873,87.48
ID2874,84.2
ID2875,44.88
ID2876,155.2
ID2877,98.72
ID2878,44.8
ID2879,96.44
ID2880,NA
ID2881,107.24
ID2882,87.56
ID2883,78.2
ID2884,16.2
ID2885,42.64
ID2886,65.36
ID2887,89.28
ID2888,92.16
ID2889,34.84
ID2890,293.48
ID2891,112.36
ID2892,61.12
ID2893,19.36
ID2894,71.12
ID2895,53
ID2896,147.52
ID2897,18.96
ID2898,NA
ID2899,15.36
ID2900,131.32
ID2901,113.32
ID2902,217.48
ID2903,222.32
ID2904,50.44
ID2905,65.84
ID2906,103.64
ID2907,NA
ID2908,8.2
ID2909,46.12
ID2910,111.6
ID2911,216.04
ID2912,135.32
ID2913,111
ID2914,79.96
ID2915,114.08
ID2916,143.12
ID2917,126.24
ID2918,111.84
ID2919,326.24
ID2920,75.08
ID2921,85.16
ID2922,197.84
ID2923,492.64
ID2924,85.48
ID2925,17.4
ID2926,68.68
ID2927,127.04
ID2928,141.16
ID2929,140.56
ID2930,129
ID2931,128.72
ID2932,39.76
ID2933,45.08
ID2934,48.16
ID2935,15.76
ID2936,171.16
ID2937,135.76
ID2938,52.48
ID2939,108.16
ID2940,46.4
ID2941,51.16
ID2942,216.92
ID2943,60.32
ID2944,87.44
ID2945,40.52
ID2946,64.88
ID2947,4.56
ID2948,118.16
ID2949,153.2
ID2950,107.36
ID2951,102.64
ID2952,151.6
ID2953,NA
ID2954,117.16
ID2955,124.8
ID2956,18.52
ID2957,119.76
ID2958,107.68
ID2959,83.84
ID2960,108
ID2961,98.48
ID2962,148.24
ID2963,132.88
ID2964,36.24
ID2965,4.64
ID2966,NA
ID2967,289.64
ID2968,79.52
ID2969,91.8
ID2970,NA
ID2971,48.16
ID2972,274.72
ID2973,76.52
ID2974,218.32
ID2975,89.28
ID2976,174.16
ID2977,148.04
ID2978,50.6
ID2979,54.04
ID2980,0.56
ID2981,NA
ID2982,34.64
ID2983,90.2
ID2984,66
ID2985,537.88
ID2986,61.04
ID2987,166.84
ID2988,87.88
ID2989,46.32
ID2990,108.88
ID2991,42.52
ID2992,129.12
ID2993,33.48
ID2994,NA
ID2995,136.6
ID2996,132.12
ID2997,116.12
ID2998,217.6
ID2999,238.64
ID3000,87.28
ID3001,54.48
ID3002,18.08
ID3003,63.56
ID3004,53.88
ID3005,47.92
ID3006,195.32
ID3007,202.16
ID3008,105.44
ID3009,225.92
ID3010,60.64
ID3011,107.16
ID3012,97.68
ID3013,174.32
ID3014,179
ID3015,168.56
ID3016,226.32
ID3017,71.24
ID3018,202.56
ID3019,124.52
ID3020,48.56
ID3021,66.36
ID3022,122.72
ID3023,128.56
ID3024,194.36
ID3025,NA
ID3026,141.56
ID3027,91.76
ID3028,32.88
ID3029,25.6
ID3030,49.28
ID3031,NA
ID3032,172.68
ID3033,NA
ID3034,234.96
ID3035,98.6
ID3036,77.48
ID3037,166.68
ID3038,99.84
ID3039,156.92
ID3040,155.92
ID3041,198.2
ID3042,31.68
ID3043,181.8
ID3044,117.04
ID3045,91.52
ID3046,152.48
ID3047,66.04
ID3048,92.36
ID3049,59.76
ID3050,168.8
ID3051,94.76
ID3052,50.08
ID3053,45.52
ID3054,84.96
ID3055,16.96
ID3056,82.16
ID3057,60.36
ID3058,142.12
ID3059,306
ID3060,74.16
ID3061,158.56
ID3062,146.88
ID3063,297.52
ID3064,126.88
ID3065,45.4
ID3066,148.68
ID3067,73
ID3068,291.32
ID3069,361.88
ID3070,249.6
ID3071,213.8
ID3072,155.32
ID3073,91.44
ID3074,175
ID3075,218.84
ID3076,110.96
ID3077,100.96
ID3078,80.76
ID3079,175.04
ID3080,135.12
ID3081,77.88
ID3082,99.44
ID3083,38.44
ID3084,106.68
ID3085,162.68
ID3086,185
ID3087,50.56
ID3088,49.76
ID3089,122.48
ID3090,153.64
ID3091,56.36
ID3092,110.24
ID3093,37.84
ID3094,204.44
ID3095,129.84
ID3096,71.24
ID3097,83.76
ID3098,282.88
ID3099,19.72
ID3100,122.92
ID3101,103.64
ID3102,69.36
ID3103,62.76
ID3104,139.36
ID3105,77.16
ID3106,60.28
ID3107,101.48
ID3108,114.48
ID3109,159.88
ID3110,103.08
ID3111,130.84
ID3112,61.84
ID3113,NA
ID3114,44.48
ID3115,99.68
ID3116,46.28
ID3117,182.96
ID3118,146.88
ID3119,45.28
ID3120,112.52
ID3121,228.44
ID3122,9.2
ID3123,87.12
ID3124,99.64
ID3125,41.76
ID3126,44.76
ID3127,101.84
ID3128,44.12
ID3129,67
ID3130,93.28
ID3131,65.36
ID3132,69.72
ID3133,144.52
ID3134,89.96
ID3135,69.52
ID3136,35.64
ID3137,79.48
ID3138,57.52
ID3139,90.84
ID3140,35.56
ID3141,67.84
ID3142,14.28
ID3143,41.36
ID3144,23.16
ID3145,16.84
ID3146,36.16
ID3147,152.16
ID3148,390.16
ID3149,180.68
ID3150,73.84
ID3151,117.2
ID3152,141.92
ID3153,52
ID3154,105.56
ID3155,173.84
ID3156,NA
ID3157,139.12
ID3158,34.84
ID3159,35.16
ID3160,58.92
ID3161,19
ID3162,7.24
ID3163,209
ID3164,NA
ID3165,58.44
ID3166,36.4
ID3167,138.96
ID3168,97.4
ID3169,132.52
ID3170,154.12
ID3171,35.28
ID3172,55.2
ID3173,81.6
ID3174,40.72
ID3175,354.68
ID3176,24.96
ID3177,95.04
ID3178,2154.4
ID3179,222.52
ID3180,0
ID3181,92.4
ID3182,144.8
ID3183,112.56
ID3184,26.68
ID3185,85
ID3186,84.6
ID3187,148.92
ID3188,96.12
ID3189,108.32
ID3190,7.52
ID3191,176.4
ID3192,NA
ID3193,187.44
ID3194,56
ID3195,95.96
ID3196,111.04
ID3197,96.72
ID3198,71.56
ID3199,87.44
ID3200,12.84
ID3201,33.04
ID3202,120.56
ID3203,130.64
ID3204,88.56
ID3205,198.16
ID3206,140.88
ID3207,128.52
ID3208,67.28
ID3209,26.16
ID3210,97.64
ID3211,59.28
ID3212,66.44
ID3213,130.56
ID3214,158.04
ID3215,NA
ID3216,NA
ID3217,146.52
ID3218,121.36
ID3219,85
ID3220,125.28
ID3221,79.48
ID3222,379.8
ID3223,133.8
ID3224,99.6
ID3225,120.12
ID3226,31.64
ID3227,60.48
ID3228,135.84
ID3229,142.52
ID3230,85.56
ID3231,122.96
ID3232,186.48
ID3233,104.72
ID3234,30.84
ID3235,60.96
ID3236,91.76
ID3237,263.96
ID3238,172
ID3239,63.72
ID3240,206.2
ID3241,81.04
ID3242,220.04
ID3243,25.84
ID3244,92.24
ID3245,107.64
ID3246,143.32
ID3247,167.44
ID3248,168.8
ID3249,130.12
ID3250,501.4
ID3251,106.88
ID3252,62.8
ID3253,221.88
ID3254,72.96
ID3255,120.72
ID3256,339.2
ID3257,65.16
ID3258,355.8
ID3259,154.24
ID3260,87.88
ID3261,121.76
ID3262,98.48
ID3263,247.56
ID3264,37.04
ID3265,62.92
ID3266,151.44
ID3267,598.52
ID3268,116.8
ID3269,80.04
ID3270,74.28
ID3271,127.56
ID3272,112.44
ID3273,86.04
ID3274,43.48
ID3275,0
ID3276,85.52
ID3277,95.36
ID3278,235.08
ID3279,429.68
ID3280,104.88
ID3281,106.56
ID3282,176.36
ID3283,129.12
ID3284,414.28
ID3285,36.48
ID3286,66.12
ID3287,114.36
ID3288,103.08
ID3289,81
ID3290,67.24
ID3291,80.84
ID3292,39.44
ID3293,281.08
ID3294,81.84
ID3295,84.04
ID3296,114.44
ID3297,45.4
ID3298,135.68
ID3299,170.2
ID3300,20.92
ID3301,103.76
ID3302,76.08
ID3303,9.72
ID3304,6.28
ID3305,89.04
ID3306,84.48
ID3307,355.32
ID3308,90.52
ID3309,111.16
ID3310,65.08
ID3311,195.28
ID3312,151.04
ID3313,60.36
ID3314,175.4
ID3315,150
ID3316,61.36
ID3317,10.96
ID3318,0
ID3319,94.8
ID3320,105.56
ID3321,130.96
ID3322,51.6
ID3323,41.28
ID3324,102.6
ID3325,78.36
ID3326,159.32
ID3327,75.56
ID3328,50.76
ID3329,72.96
ID3330,119.84
ID3331,83.84
ID3332,171.32
ID3333,59.68
ID3334,82.8
ID3335,8.04
ID3336,52.88
ID3337,31.8
ID3338,240.2
ID3339,164.4
ID3340,108.28
ID3341,510.68
ID3342,80.12
ID3343,102.36
ID3344,80.36
ID3345,65.92
ID3346,156.76
ID3347,134.44
ID3348,143.32
ID3349,112.24
ID3350,126.32
ID3351,198.08
ID3352,106.52
ID3353,102.24
ID3354,20.28
ID3355,78.4
ID3356,173.56
ID3357,47.28
ID3358,75.88
ID3359,75.88
ID3360,88.92
ID3361,150.52
ID3362,62.4
ID3363,104.96
ID3364,209.84
ID3365,84.76
ID3366,294.96
ID3367,76.6
ID3368,140.24
ID3369,111.52
ID3370,39
ID3371,151.32
ID3372,71.52
ID3373,115.68
ID3374,16.76
ID3375,127.12
ID3376,230.96
ID3377,58.4
ID3378,88.52
ID3379,99.04
ID3380,66.08
ID3381,74.36
ID3382,77.2
ID3383,65.16
ID3384,56.56
ID3385,509.96
ID3386,70.4
ID3387,149.16
ID3388,202.52
ID3389,128.56
ID3390,50.6
ID3391,107.72
ID3392,60.68
ID3393,NA
ID3394,134.68
ID3395,NA
ID3396,174.2
ID3397,141.84
ID3398,107.2
ID3399,462.48
ID3400,91.68
ID3401,83.64
ID3402,44.68
ID3403,40.76
ID3404,184
ID3405,159.8
ID3406,89.16
ID3407,23.52
ID3408,77.16
ID3409,32.36
ID3410,13.32
ID3411,487.64
ID3412,154.28
ID3413,109.84
ID3414,135.56
ID3415,82.76
ID3416,117.04
ID3417,58.04
ID3418,91.12
ID3419,76.76
ID3420,108.04
ID3421,95.44
ID3422,98.2
ID3423,79.48
ID3424,119.88
ID3425,120.6
ID3426,14.4
ID3427,8.76
ID3428,55.08
ID3429,130.08
ID3430,244.16
ID3431,118.52
ID3432,189.36
ID3433,106.32
ID3434,53.08
ID3435,74.72
ID3436,56.72
ID3437,78.8
ID3438,385.52
ID3439,246.68
ID3440,91.52
ID3441,398.24
ID3442,90.88
ID3443,74.6
ID3444,343.88
ID3445,187.56
ID3446,14.72
ID3447,75.28
ID3448,43.48
ID3449,51.4
ID3450,173.24
ID3451,178.28
ID3452,135.04
ID3453,NA
ID3454,NA
ID3455,2.76
ID3456,102.8
ID3457,221.68
ID3458,73.24
ID3459,133.6
ID3460,136.32
ID3461,20.4
ID3462,63.68
ID3463,192.12
ID3464,130.72
ID3465,183.88
ID3466,322.32
ID3467,115.92
ID3468,158.36
ID3469,NA
ID3470,111.72
ID3471,404.52
ID3472,93.56
ID3473,179.6
ID3474,89.96
ID3475,217.6
ID3476,241.72
ID3477,171.28
ID3478,28.84
ID3479,785.44
ID3480,429.6
ID3481,NA
ID3482,145.76
ID3483,82.52
ID3484,107.04
ID3485,181.96
ID3486,131.76
ID3487,240.8
ID3488,234.4
ID3489,155.04
ID3490,39.04
ID3491,242.68
ID3492,126.36
ID3493,100.96
ID3494,87.72
ID3495,173.68
ID3496,26.84
ID3497,62.52
ID3498,20.4
ID3499,96.72
ID3500,98.88
ID3501,110.68
ID3502,280.2
ID3503,97.64
ID3504,76.92
ID3505,79.64
ID3506,424.88
ID3507,199.88
ID3508,64.92
ID3509,158.52
ID3510,104.12
ID3511,32.76
ID3512,108.8
ID3513,129.76
ID3514,68
ID3515,195
ID3516,NA
ID3517,84.88
ID3518,15.64
ID3519,145.92
ID3520,132.64
ID3521,134.08
ID3522,80.8
ID3523,25.8
ID3524,80.2
ID3525,93.24
ID3526,156.6
ID3527,199.52
ID3528,103.88
ID3529,36.68
ID3530,114.04
ID3531,120.96
ID3532,138.64
ID3533,31.84
ID3534,141
ID3535,99.88
ID3536,NA
ID3537,107.2
ID3538,140.4
ID3539,NA
ID3540,298.68
ID3541,108.2
ID3542,95.84
ID3543,55.16
ID3544,250.64
ID3545,173
ID3546,55.64
ID3547,58.2
ID3548,116.92
ID3549,95.8
ID3550,109.52
ID3551,156.64
ID3552,175.16
ID3553,78.08
ID3554,96.24
ID3555,NA
ID3556,72.2
ID3557,112.64
ID3558,178.68
ID3559,119.44
ID3560,24.68
ID3561,109.64
ID3562,72.72
ID3563,130.32
ID3564,170.24
ID3565,137.84
ID3566,19.12
ID3567,35.52
ID3568,124.08
ID3569,68.52
ID3570,90.76
ID3571,81.48
ID3572,94.84
ID3573,74.08
ID3574,396.88
ID3575,49.16
ID3576,78.36
ID3577,218.8
ID3578,72.84
ID3579,36.32
ID3580,133.36
ID3581,58.56
ID3582,47.36
ID3583,37.08
ID3584,135.72
ID3585,NA
ID3586,55.52
ID3587,119.64
ID3588,NA
ID3589,91.52
ID3590,58.24
ID3591,127.88
ID3592,53.44
ID3593,16.96
ID3594,109.92
ID3595,NA
ID3596,379.72
ID3597,145.76
ID3598,125.28
ID3599,52.96
ID3600,352.96
ID3601,NA
ID3602,210.84
ID3603,79.48
ID3604,11.8
ID3605,71.12
ID3606,116.68
ID3607,280.32
ID3608,220.92
ID3609,18.36
ID3610,144.76
ID3611,112.76
ID3612,84.56
ID3613,170
ID3614,41.08
ID3615,114.6
ID3616,71.2
ID3617,173.8
ID3618,105.64
ID3619,99.2
ID3620,170.32
ID3621,55.24
ID3622,149.72
ID3623,228.48
ID3624,1494.04
ID3625,256.24
ID3626,48.12
ID3627,0
ID3628,69.44
ID3629,183.96
ID3630,NA
ID3631,106.44
ID3632,NA
ID3633,393.32
ID3634,88.88
ID3635,159.88
ID3636,74.76
ID3637,68.52
ID3638,76.24
ID3639,48
ID3640,186.92
ID3641,82.88
ID3642,27
ID3643,196.08
ID3644,58.08
ID3645,472.08
ID3646,128.56
ID3647,400.2
ID3648,84.04
ID3649,68.08
ID3650,110.52
ID3651,143.48
ID3652,101.92
ID3653,23
ID3654,60.16
ID3655,230
ID3656,55.84
ID3657,74.76
ID3658,165.08
ID3659,61.68
ID3660,72.16
ID3661,143.36
ID3662,754.16
ID3663,217.64
ID3664,105.04
ID3665,243.04
ID3666,66.36
ID3667,98.12
ID3668,458.6
ID3669,106.56
ID3670,138.24
ID3671,NA
ID3672,83.08
ID3673,NA
ID3674,78.12
ID3675,41.4
ID3676,73.68
ID3677,136.24
ID3678,NA
ID3679,53.96
ID3680,76.76
ID3681,147
ID3682,128.96
ID3683,20.28
ID3684,132.32
ID3685,76.52
ID3686,185.52
ID3687,33.8
ID3688,58.6
ID3689,98.6
ID3690,158.64
ID3691,119.68
ID3692,260.24
ID3693,172.72
ID3694,51.6
ID3695,52.88
ID3696,NA
ID3697,199.32
ID3698,93.16
ID3699,67.8
ID3700,56.92
ID3701,84.32
ID3702,57.12
ID3703,26.08
ID3704,85.52
ID3705,91.16
ID3706,77.36
ID3707,34
ID3708,NA
ID3709,28.56
ID3710,110.28
ID3711,NA
ID3712,119.4
ID3713,129.36
ID3714,135.8
ID3715,94.56
ID3716,53.48
ID3717,64.8
ID3718,67.96
ID3719,42.28
ID3720,185.92
ID3721,98.08
ID3722,87.56
ID3723,372.16
ID3724,114.84
ID3725,176.44
ID3726,146.64
ID3727,188.08
ID3728,308.88
ID3729,65.76
ID3730,342.88
ID3731,130.32
ID3732,30.4
ID3733,471.36
ID3734,31.68
ID3735,142.76
ID3736,379.16
ID3737,449.08
ID3738,105.92
ID3739,85.04
ID3740,83.56
ID3741,88.6
ID3742,103.24
ID3743,23.2
ID3744,83.92
ID3745,137.12
ID3746,101.24
ID3747,113.32
ID3748,113.68
ID3749,95.88
ID3750,127.88
ID3751,121.64
ID3752,87.12
ID3753,0.28
ID3754,193.32
ID3755,135.72
ID3756,221.12
ID3757,40.4
ID3758,62.44
ID3759,28.48
ID3760,343.84
ID3761,207.68
ID3762,81.6
ID3763,210.28
ID3764,0.6
ID3765,NA
ID3766,160.16
ID3767,NA
ID3768,56.52
ID3769,112.4
ID3770,232.76
ID3771,44.68
ID3772,124.6
ID3773,12.96
ID3774,230.28
ID3775,122.4
ID3776,217.96
ID3777,351.88
ID3778,71.28
ID3779,214.36
ID3780,170.76
ID3781,142.04
ID3782,56.64
ID3783,225.92
ID3784,8.12
ID3785,116.4
ID3786,151.36
ID3787,187.36
ID3788,33.68
ID3789,92.64
ID3790,153.12
ID3791,134.08
ID3792,297
ID3793,20.64
ID3794,208.8
ID3795,49.96
ID3796,119.88
ID3797,82.08
ID3798,104.8
ID3799,120
ID3800,94.16
ID3801,78.96
ID3802,163.52
ID3803,74.04
ID3804,196.4
ID3805,40.4
ID3806,752.16
ID3807,73.64
ID3808,80.8
ID3809,98.48
ID3810,77.28
ID3811,89.56
ID3812,35
ID3813,67.64
ID3814,76.64
ID3815,145.28
ID3816,111.76
ID3817,58.8
ID3818,103.72
ID3819,322.68
ID3820,132.24
ID3821,80.88
ID3822,181.52
ID3823,160.36
ID3824,NA
ID3825,920.36
ID3826,173.88
ID3827,98.84
ID3828,91.72
ID3829,100.44
ID3830,51.44
ID3831,99.04
ID3832,54.12
ID3833,56.56
ID3834,46.28
ID3835,25.12
ID3836,84.4
ID3837,18.16
ID3838,105.24
ID3839,79.12
ID3840,66.2
ID3841,100.08
ID3842,150.56
ID3843,65.6
ID3844,106.08
ID3845,102.84
ID3846,111.24
ID3847,165.16
ID3848,46.08
ID3849,116.2
ID3850,100.68
ID3851,6.88
ID3852,71.72
ID3853,89.56
ID3854,61.88
ID3855,49.56
ID3856,156.76
ID3857,8.72
ID3858,3.04
ID3859,55.04
ID3860,104.52
ID3861,35.04
ID3862,62.6
ID3863,213.28
ID3864,45.48
ID3865,74.24
ID3866,111.76
ID3867,147.76
ID3868,156.48
ID3869,95.36
ID3870,76.48
ID3871,55.72
ID3872,37.4
ID3873,47.96
ID3874,45.16
ID3875,109.08
ID3876,335
ID3877,63.96
ID3878,68.4
ID3879,118.32
ID3880,108.08
ID3881,195.44
ID3882,39
ID3883,86
ID3884,18.24
ID3885,NA
ID3886,47
ID3887,32.44
ID3888,101.44
ID3889,146.24
ID3890,74.92
ID3891,60.36
ID3892,76.2
ID3893,137.56
ID3894,46.28
ID3895,127.84
ID3896,77.6
ID3897,NA
ID3898,116.48
ID3899,130.6
ID3900,76.84
ID3901,71.12
ID3902,43.28
ID3903,175.52
ID3904,52.16
ID3905,241.96
ID3906,154.96
ID3907,159.84
ID3908,2.44
ID3909,116.64
ID3910,1.32
ID3911,114.96
ID3912,141.04
ID3913,191.16
ID3914,84.08
ID3915,78.28
ID3916,77.48
ID3917,106.2
ID3918,100.36
ID3919,24.04
ID3920,9.28
ID3921,NA
ID3922,129.08
ID3923,75.92
ID3924,79
ID3925,112.84
ID3926,232.28
ID3927,220.16
ID3928,124.2
ID3929,190.28
ID3930,185.16
ID3931,22.84
ID3932,131.92
ID3933,95.6
ID3934,21.72
ID3935,90.36
ID3936,90.08
ID3937,104.52
ID3938,86.88
ID3939,40.4
ID3940,69.84
ID3941,66.24
ID3942,40.88
ID3943,85.24
ID3944,45.32
ID3945,24.6
ID3946,71.36
ID3947,158.04
ID3948,427.52
ID3949,83.16
ID3950,704.76
ID3951,118.72
ID3952,85.24
ID3953,NA
ID3954,26.36
ID3955,93.28
ID3956,67.24
ID3957,116.88
ID3958,38.2
ID3959,33.2
ID3960,83.04
ID3961,59.2
ID3962,50.84
ID3963,63.52
ID3964,74.76
ID3965,106.68
ID3966,58.8
ID3967,14.48
ID3968,144
ID3969,95.12
ID3970,86.88
ID3971,93.28
ID3972,119.52
ID3973,43.72
ID3974,43.52
ID3975,54.52
ID3976,94.52
ID3977,104.92
ID3978,90.08
ID3979,125.92
ID3980,67.36
ID3981,73.16
ID3982,65
ID3983,51.68
ID3984,149.2
ID3985,99.4
ID3986,99.44
ID3987,121.32
ID3988,88.8
ID3989,143.6
ID3990,73.4
ID3991,126.92
ID3992,36.68
ID3993,NA
ID3994,48
ID3995,69.4
ID3996,53.16
ID3997,70.6
ID3998,73.04
ID3999,27.04
ID4000,95.48
ID4001,79.56
ID4002,76.92
ID4003,98.84
ID4004,48
ID4005,10.76
ID4006,37.64
ID4007,101.48
ID4008,67.88
ID4009,62.6
ID4010,31.96
ID4011,84.24
ID4012,64.44
ID4013,104.4
ID4014,42.52
ID4015,96.04
ID4016,72.8
ID4017,126.68
ID4018,49.96
ID4019,66.36
ID4020,75.2
ID4021,104.04
ID4022,46.28
ID4023,91.56
ID4024,49.28
ID4025,118.52
ID4026,161.68
ID4027,65.68
ID4028,220.4
ID4029,174.68
ID4030,54.84
ID4031,54.04
ID4032,89.32
ID4033,109.56
ID4034,39.6
ID4035,96.76
ID4036,9.8
ID4037,79.84
ID4038,85.68
ID4039,86.44
ID4040,103.96
ID4041,78.8
ID4042,82.28
ID4043,3.6
ID4044,25.64
ID4045,58.52
ID4046,65.68
ID4047,17.08
ID4048,167.84
ID4049,145.88
ID4050,70.8
ID4051,105.84
ID4052,87.72
ID4053,84.8
ID4054,144.56
ID4055,113.36
ID4056,54.84
ID4057,62.76
ID4058,68.52
ID4059,116.88
ID4060,24.72
ID4061,7.6
ID4062,148.64
ID4063,160.2
