household_ID,boiling_factor
ID0001,0
ID0002,0
ID0003,1
ID0004,0
ID0005,1
ID0006,0
ID0007,1
ID0008,1
ID0009,0
ID0010,0
ID0011,0
ID0012,1
ID0013,0
ID0014,0
ID0015,0
ID0016,0
ID0017,1
ID0018,0
ID0019,0
ID0020,0
ID0021,0
ID0022,0
ID0023,1
ID0024,0
ID0025,0
ID0026,1
ID0027,0
ID0028,0
ID0029,1
ID0030,0
ID0031,0
ID0032,0
ID0033,0
ID0034,0
ID0035,0
ID0036,0
ID0037,0
ID0038,0
ID0039,0
ID0040,0
ID0041,0
ID0042,0
ID0043,0
ID0044,0
ID0045,0
ID0046,0
ID0047,0
ID0048,0
ID0049,0
ID0050,0
ID0051,0
ID0052,0
ID0053,0
ID0054,0
ID0055,0
ID0056,0
ID0057,0
ID0058,1
ID0059,0
ID0060,0
ID0061,0
ID0062,0
ID0063,0
ID0064,0
ID0065,0
ID0066,0
ID0067,1
ID0068,0
ID0069,1
ID0070,0
ID0071,0
ID0072,0
ID0073,0
ID0074,0
ID0075,1
ID0076,0
ID0077,0
ID0078,0
ID0079,0
ID0080,0
ID0081,0
ID0082,0
ID0083,0
ID0084,0
ID0085,0
ID0086,0
ID0087,0
ID0088,0
ID0089,0
ID0090,0
ID0091,1
ID0092,0
ID0093,0
ID0094,0
ID0095,0
ID0096,0
ID0097,0
ID0098,0
ID0099,0
ID0100,1
ID0101,1
ID0102,0
ID0103,1
ID0104,1
ID0105,0
ID0106,0
ID0107,0
ID0108,1
ID0109,1
ID0110,0
ID0111,0
ID0112,0
ID0113,0
ID0114,0
ID0115,0
ID0116,1
ID0117,0
ID0118,0
ID0119,0
ID0120,0
ID0121,0
ID0122,0
ID0123,0
ID0124,0
ID0125,0
ID0126,0
ID0127,0
ID0128,0
ID0129,0
ID0130,0
ID0131,0
ID0132,0
ID0133,0
ID0134,0
ID0135,0
ID0136,0
ID0137,1
ID0138,0
ID0139,0
ID0140,0
ID0141,1
ID0142,0
ID0143,0
ID0144,0
ID0145,0
ID0146,0
ID0147,0
ID0148,0
ID0149,0
ID0150,0
ID0151,0
ID0152,0
ID0153,0
ID0154,1
ID0155,0
ID0156,0
ID0157,0
ID0158,0
ID0159,0
ID0160,0
ID0161,0
ID0162,0
ID0163,0
ID0164,0
ID0165,0
ID0166,0
ID0167,0
ID0168,0
ID0169,0
ID0170,0
ID0171,0
ID0172,0
ID0173,0
ID0174,0
ID0175,0
ID0176,0
ID0177,0
ID0178,0
ID0179,0
ID0180,0
ID0181,0
ID0182,0
ID0183,0
ID0184,0
ID0185,1
ID0186,0
ID0187,0
ID0188,0
ID0189,1
ID0190,0
ID0191,0
ID0192,0
ID0193,0
ID0194,1
ID0195,0
ID0196,0
ID0197,0
ID0198,0
ID0199,0
ID0200,0
ID0201,0
ID0202,0
ID0203,0
ID0204,0
ID0205,0
ID0206,0
ID0207,0
ID0208,0
ID0209,0
ID0210,0
ID0211,0
ID0212,0
ID0213,0
ID0214,0
ID0215,0
ID0216,0
ID0217,0
ID0218,0
ID0219,0
ID0220,0
ID0221,0
ID0222,0
ID0223,0
ID0224,0
ID0225,0
ID0226,0
ID0227,0
ID0228,0
ID0229,0
ID0230,0
ID0231,0
ID0232,0
ID0233,0
ID0234,0
ID0235,0
ID0236,0
ID0237,0
ID0238,0
ID0239,0
ID0240,0
ID0241,1
ID0242,0
ID0243,0
ID0244,0
ID0245,0
ID0246,0
ID0247,1
ID0248,0
ID0249,0
ID0250,0
ID0251,0
ID0252,0
ID0253,0
ID0254,0
ID0255,1
ID0256,0
ID0257,0
ID0258,0
ID0259,0
ID0260,1
ID0261,0
ID0262,0
ID0263,0
ID0264,0
ID0265,0
ID0266,0
ID0267,0
ID0268,0
ID0269,0
ID0270,0
ID0271,1
ID0272,0
ID0273,0
ID0274,0
ID0275,0
ID0276,1
ID0277,0
ID0278,1
ID0279,0
ID0280,1
ID0281,0
ID0282,1
ID0283,0
ID0284,0
ID0285,0
ID0286,0
ID0287,0
ID0288,0
ID0289,1
ID0290,0
ID0291,0
ID0292,0
ID0293,0
ID0294,0
ID0295,0
ID0296,0
ID0297,0
ID0298,0
ID0299,0
ID0300,0
ID0301,0
ID0302,0
ID0303,0
ID0304,1
ID0305,0
ID0306,0
ID0307,0
ID0308,0
ID0309,0
ID0310,0
ID0311,0
ID0312,0
ID0313,1
ID0314,0
ID0315,0
ID0316,0
ID0317,0
ID0318,0
ID0319,0
ID0320,0
ID0321,1
ID0322,0
ID0323,0
ID0324,0
ID0325,0
ID0326,0
ID0327,0
ID0328,0
ID0329,0
ID0330,0
ID0331,0
ID0332,0
ID0333,0
ID0334,0
ID0335,0
ID0336,0
ID0337,0
ID0338,0
ID0339,0
ID0340,0
ID0341,0
ID0342,1
ID0343,0
ID0344,0
ID0345,0
ID0346,0
ID0347,0
ID0348,0
ID0349,0
ID0350,0
ID0351,0
ID0352,0
ID0353,0
ID0354,0
ID0355,0
ID0356,0
ID0357,0
ID0358,0
ID0359,0
ID0360,0
ID0361,0
ID0362,0
ID0363,0
ID0364,0
ID0365,0
ID0366,0
ID0367,0
ID0368,0
ID0369,0
ID0370,0
ID0371,0
ID0372,0
ID0373,0
ID0374,0
ID0375,0
ID0376,0
ID0377,0
ID0378,0
ID0379,0
ID0380,0
ID0381,0
ID0382,0
ID0383,0
ID0384,0
ID0385,0
ID0386,0
ID0387,0
ID0388,0
ID0389,0
ID0390,0
ID0391,0
ID0392,0
ID0393,0
ID0394,0
ID0395,0
ID0396,0
ID0397,0
ID0398,0
ID0399,0
ID0400,0
ID0401,0
ID0402,1
ID0403,0
ID0404,0
ID0405,0
ID0406,1
ID0407,0
ID0408,0
ID0409,0
ID0410,1
ID0411,0
ID0412,0
ID0413,0
ID0414,0
ID0415,0
ID0416,1
ID0417,0
ID0418,0
ID0419,0
ID0420,0
ID0421,0
ID0422,0
ID0423,0
ID0424,0
ID0425,0
ID0426,0
ID0427,0
ID0428,0
ID0429,0
ID0430,0
ID0431,0
ID0432,0
ID0433,0
ID0434,0
ID0435,0
ID0436,0
ID0437,0
ID0438,0
ID0439,0
ID0440,0
ID0441,0
ID0442,0
ID0443,0
ID0444,1
ID0445,0
ID0446,1
ID0447,0
ID0448,0
ID0449,0
ID0450,1
ID0451,0
ID0452,0
ID0453,1
ID0454,0
ID0455,0
ID0456,0
ID0457,0
ID0458,0
ID0459,0
ID0460,0
ID0461,0
ID0462,0
ID0463,0
ID0464,0
ID0465,0
ID0466,1
ID0467,0
ID0468,0
ID0469,0
ID0470,1
ID0471,1
ID0472,0
ID0473,0
ID0474,0
ID0475,0
ID0476,0
ID0477,0
ID0478,0
ID0479,0
ID0480,0
ID0481,0
ID0482,0
ID0483,0
ID0484,0
ID0485,0
ID0486,0
ID0487,1
ID0488,0
ID0489,0
ID0490,0
ID0491,0
ID0492,0
ID0493,0
ID0494,0
ID0495,0
ID0496,0
ID0497,0
ID0498,0
ID0499,0
ID0500,0
ID0501,0
ID0502,0
ID0503,0
ID0504,0
ID0505,0
ID0506,0
ID0507,0
ID0508,0
ID0509,0
ID0510,1
ID0511,0
ID0512,0
ID0513,0
ID0514,0
ID0515,0
ID0516,0
ID0517,0
ID0518,0
ID0519,0
ID0520,0
ID0521,0
ID0522,0
ID0523,0
ID0524,1
ID0525,0
ID0526,0
ID0527,0
ID0528,0
ID0529,0
ID0530,0
ID0531,1
ID0532,0
ID0533,0
ID0534,0
ID0535,0
ID0536,0
ID0537,0
ID0538,0
ID0539,0
ID0540,0
ID0541,0
ID0542,1
ID0543,0
ID0544,1
ID0545,0
ID0546,0
ID0547,0
ID0548,0
ID0549,0
ID0550,0
ID0551,0
ID0552,1
ID0553,1
ID0554,0
ID0555,0
ID0556,0
ID0557,0
ID0558,0
ID0559,0
ID0560,0
ID0561,0
ID0562,0
ID0563,0
ID0564,0
ID0565,0
ID0566,0
ID0567,0
ID0568,0
ID0569,0
ID0570,0
ID0571,0
ID0572,1
ID0573,1
ID0574,1
ID0575,0
ID0576,0
ID0577,0
ID0578,0
ID0579,1
ID0580,0
ID0581,0
ID0582,0
ID0583,0
ID0584,0
ID0585,0
ID0586,0
ID0587,0
ID0588,0
ID0589,0
ID0590,0
ID0591,0
ID0592,0
ID0593,0
ID0594,0
ID0595,0
ID0596,0
ID0597,1
ID0598,0
ID0599,0
ID0600,0
ID0601,0
ID0602,0
ID0603,0
ID0604,0
ID0605,0
ID0606,0
ID0607,1
ID0608,0
ID0609,1
ID0610,0
ID0611,0
ID0612,0
ID0613,0
ID0614,0
ID0615,0
ID0616,0
ID0617,0
ID0618,0
ID0619,0
ID0620,0
ID0621,0
ID0622,0
ID0623,0
ID0624,0
ID0625,0
ID0626,0
ID0627,0
ID0628,0
ID0629,1
ID0630,1
ID0631,0
ID0632,0
ID0633,0
ID0634,0
ID0635,0
ID0636,0
ID0637,0
ID0638,0
ID0639,0
ID0640,0
ID0641,0
ID0642,0
ID0643,0
ID0644,0
ID0645,0
ID0646,0
ID0647,0
ID0648,0
ID0649,0
ID0650,0
ID0651,0
ID0652,0
ID0653,0
ID0654,0
ID0655,0
ID0656,0
ID0657,0
ID0658,0
ID0659,1
ID0660,0
ID0661,0
ID0662,0
ID0663,0
ID0664,0
ID0665,0
ID0666,0
ID0667,0
ID0668,1
ID0669,0
ID0670,0
ID0671,0
ID0672,0
ID0673,0
ID0674,0
ID0675,0
ID0676,0
ID0677,0
ID0678,0
ID0679,0
ID0680,0
ID0681,0
ID0682,0
ID0683,0
ID0684,0
ID0685,1
ID0686,1
ID0687,0
ID0688,0
ID0689,0
ID0690,0
ID0691,0
ID0692,0
ID0693,0
ID0694,1
ID0695,0
ID0696,0
ID0697,0
ID0698,0
ID0699,0
ID0700,0
ID0701,0
ID0702,0
ID0703,0
ID0704,0
ID0705,0
ID0706,0
ID0707,0
ID0708,0
ID0709,0
ID0710,0
ID0711,0
ID0712,0
ID0713,0
ID0714,0
ID0715,0
ID0716,0
ID0717,0
ID0718,0
ID0719,0
ID0720,0
ID0721,0
ID0722,0
ID0723,0
ID0724,0
ID0725,0
ID0726,0
ID0727,0
ID0728,0
ID0729,0
ID0730,0
ID0731,1
ID0732,0
ID0733,1
ID0734,0
ID0735,0
ID0736,0
ID0737,0
ID0738,0
ID0739,0
ID0740,0
ID0741,1
ID0742,0
ID0743,0
ID0744,0
ID0745,0
ID0746,0
ID0747,0
ID0748,0
ID0749,0
ID0750,0
ID0751,0
ID0752,0
ID0753,0
ID0754,1
ID0755,0
ID0756,0
ID0757,0
ID0758,1
ID0759,0
ID0760,0
ID0761,0
ID0762,0
ID0763,0
ID0764,0
ID0765,0
ID0766,0
ID0767,0
ID0768,0
ID0769,0
ID0770,0
ID0771,0
ID0772,1
ID0773,0
ID0774,0
ID0775,0
ID0776,0
ID0777,1
ID0778,0
ID0779,1
ID0780,0
ID0781,0
ID0782,0
ID0783,0
ID0784,0
ID0785,0
ID0786,0
ID0787,0
ID0788,0
ID0789,0
ID0790,0
ID0791,0
ID0792,0
ID0793,0
ID0794,0
ID0795,0
ID0796,0
ID0797,0
ID0798,0
ID0799,0
ID0800,0
ID0801,0
ID0802,0
ID0803,1
ID0804,0
ID0805,0
ID0806,0
ID0807,0
ID0808,1
ID0809,0
ID0810,0
ID0811,0
ID0812,0
ID0813,0
ID0814,0
ID0815,0
ID0816,0
ID0817,0
ID0818,0
ID0819,0
ID0820,0
ID0821,0
ID0822,0
ID0823,0
ID0824,0
ID0825,0
ID0826,1
ID0827,0
ID0828,0
ID0829,0
ID0830,0
ID0831,0
ID0832,1
ID0833,0
ID0834,0
ID0835,0
ID0836,0
ID0837,0
ID0838,0
ID0839,0
ID0840,0
ID0841,0
ID0842,0
ID0843,0
ID0844,0
ID0845,0
ID0846,0
ID0847,0
ID0848,0
ID0849,0
ID0850,0
ID0851,0
ID0852,0
ID0853,0
ID0854,0
ID0855,0
ID0856,1
ID0857,0
ID0858,0
ID0859,0
ID0860,0
ID0861,1
ID0862,0
ID0863,0
ID0864,0
ID0865,0
ID0866,0
ID0867,0
ID0868,0
ID0869,0
ID0870,0
ID0871,0
ID0872,0
ID0873,0
ID0874,0
ID0875,1
ID0876,0
ID0877,1
ID0878,0
ID0879,0
ID0880,1
ID0881,0
ID0882,0
ID0883,0
ID0884,1
ID0885,0
ID0886,0
ID0887,0
ID0888,0
ID0889,0
ID0890,0
ID0891,1
ID0892,0
ID0893,0
ID0894,0
ID0895,0
ID0896,0
ID0897,0
ID0898,0
ID0899,1
ID0900,0
ID0901,0
ID0902,0
ID0903,0
ID0904,0
ID0905,0
ID0906,0
ID0907,0
ID0908,0
ID0909,0
ID0910,0
ID0911,0
ID0912,0
ID0913,0
ID0914,0
ID0915,0
ID0916,0
ID0917,0
ID0918,0
ID0919,0
ID0920,0
ID0921,0
ID0922,0
ID0923,0
ID0924,0
ID0925,0
ID0926,0
ID0927,0
ID0928,0
ID0929,0
ID0930,0
ID0931,1
ID0932,0
ID0933,0
ID0934,0
ID0935,0
ID0936,1
ID0937,1
ID0938,1
ID0939,0
ID0940,0
ID0941,0
ID0942,0
ID0943,0
ID0944,0
ID0945,1
ID0946,0
ID0947,0
ID0948,0
ID0949,0
ID0950,0
ID0951,1
ID0952,1
ID0953,0
ID0954,0
ID0955,0
ID0956,0
ID0957,0
ID0958,0
ID0959,0
ID0960,1
ID0961,0
ID0962,0
ID0963,0
ID0964,0
ID0965,0
ID0966,0
ID0967,0
ID0968,0
ID0969,0
ID0970,0
ID0971,0
ID0972,0
ID0973,0
ID0974,0
ID0975,0
ID0976,0
ID0977,0
ID0978,0
ID0979,1
ID0980,0
ID0981,1
ID0982,0
ID0983,0
ID0984,0
ID0985,0
ID0986,0
ID0987,1
ID0988,0
ID0989,0
ID0990,0
ID0991,0
ID0992,0
ID0993,0
ID0994,0
ID0995,0
ID0996,0
ID0997,0
ID0998,0
ID0999,0
ID1000,0
ID1001,0
ID1002,0
ID1003,0
ID1004,0
ID1005,0
ID1006,0
ID1007,0
ID1008,0
ID1009,0
ID1010,0
ID1011,1
ID1012,1
ID1013,0
ID1014,0
ID1015,1
ID1016,0
ID1017,0
ID1018,0
ID1019,0
ID1020,0
ID1021,0
ID1022,0
ID1023,0
ID1024,0
ID1025,0
ID1026,0
ID1027,0
ID1028,0
ID1029,0
ID1030,0
ID1031,0
ID1032,0
ID1033,0
ID1034,0
ID1035,0
ID1036,0
ID1037,0
ID1038,1
ID1039,0
ID1040,0
ID1041,0
ID1042,0
ID1043,0
ID1044,0
ID1045,0
ID1046,0
ID1047,0
ID1048,0
ID1049,0
ID1050,0
ID1051,0
ID1052,0
ID1053,1
ID1054,1
ID1055,0
ID1056,0
ID1057,0
ID1058,0
ID1059,0
ID1060,0
ID1061,0
ID1062,0
ID1063,0
ID1064,0
ID1065,0
ID1066,0
ID1067,0
ID1068,0
ID1069,0
ID1070,0
ID1071,0
ID1072,0
ID1073,0
ID1074,0
ID1075,0
ID1076,0
ID1077,0
ID1078,0
ID1079,0
ID1080,0
ID1081,0
ID1082,0
ID1083,0
ID1084,0
ID1085,0
ID1086,0
ID1087,0
ID1088,0
ID1089,0
ID1090,0
ID1091,0
ID1092,0
ID1093,0
ID1094,0
ID1095,0
ID1096,0
ID1097,0
ID1098,0
ID1099,0
ID1100,0
ID1101,0
ID1102,0
ID1103,0
ID1104,0
ID1105,0
ID1106,0
ID1107,0
ID1108,0
ID1109,0
ID1110,0
ID1111,1
ID1112,1
ID1113,0
ID1114,1
ID1115,0
ID1116,0
ID1117,0
ID1118,0
ID1119,0
ID1120,0
ID1121,0
ID1122,0
ID1123,0
ID1124,0
ID1125,1
ID1126,0
ID1127,0
ID1128,0
ID1129,0
ID1130,0
ID1131,0
ID1132,0
ID1133,0
ID1134,0
ID1135,0
ID1136,0
ID1137,0
ID1138,0
ID1139,0
ID1140,0
ID1141,0
ID1142,0
ID1143,0
ID1144,1
ID1145,0
ID1146,0
ID1147,0
ID1148,0
ID1149,0
ID1150,0
ID1151,0
ID1152,0
ID1153,0
ID1154,0
ID1155,0
ID1156,0
ID1157,0
ID1158,0
ID1159,1
ID1160,0
ID1161,0
ID1162,0
ID1163,0
ID1164,1
ID1165,0
ID1166,0
ID1167,0
ID1168,0
ID1169,0
ID1170,0
ID1171,0
ID1172,0
ID1173,1
ID1174,0
ID1175,0
ID1176,0
ID1177,0
ID1178,0
ID1179,0
ID1180,1
ID1181,0
ID1182,0
ID1183,1
ID1184,0
ID1185,0
ID1186,0
ID1187,0
ID1188,0
ID1189,0
ID1190,0
ID1191,1
ID1192,0
ID1193,0
ID1194,0
ID1195,0
ID1196,0
ID1197,1
ID1198,0
ID1199,0
ID1200,0
ID1201,0
ID1202,0
ID1203,0
ID1204,0
ID1205,1
ID1206,1
ID1207,0
ID1208,0
ID1209,0
ID1210,1
ID1211,0
ID1212,0
ID1213,0
ID1214,0
ID1215,0
ID1216,0
ID1217,0
ID1218,1
ID1219,0
ID1220,0
ID1221,0
ID1222,0
ID1223,1
ID1224,0
ID1225,0
ID1226,1
ID1227,0
ID1228,0
ID1229,0
ID1230,0
ID1231,0
ID1232,0
ID1233,0
ID1234,1
ID1235,0
ID1236,1
ID1237,0
ID1238,0
ID1239,0
ID1240,0
ID1241,0
ID1242,0
ID1243,0
ID1244,1
ID1245,0
ID1246,0
ID1247,0
ID1248,0
ID1249,0
ID1250,0
ID1251,0
ID1252,0
ID1253,1
ID1254,0
ID1255,0
ID1256,0
ID1257,0
ID1258,0
ID1259,0
ID1260,0
ID1261,0
ID1262,0
ID1263,0
ID1264,0
ID1265,0
ID1266,0
ID1267,0
ID1268,0
ID1269,1
ID1270,0
ID1271,0
ID1272,0
ID1273,0
ID1274,0
ID1275,0
ID1276,0
ID1277,0
ID1278,0
ID1279,0
ID1280,0
ID1281,0
ID1282,1
ID1283,0
ID1284,0
ID1285,0
ID1286,0
ID1287,0
ID1288,0
ID1289,0
ID1290,1
ID1291,0
ID1292,0
ID1293,0
ID1294,0
ID1295,0
ID1296,0
ID1297,0
ID1298,0
ID1299,0
ID1300,0
ID1301,1
ID1302,0
ID1303,0
ID1304,0
ID1305,0
ID1306,0
ID1307,0
ID1308,0
ID1309,0
ID1310,0
ID1311,0
ID1312,0
ID1313,0
ID1314,0
ID1315,0
ID1316,0
ID1317,0
ID1318,0
ID1319,0
ID1320,0
ID1321,0
ID1322,0
ID1323,0
ID1324,0
ID1325,0
ID1326,0
ID1327,0
ID1328,0
ID1329,1
ID1330,0
ID1331,0
ID1332,1
ID1333,0
ID1334,0
ID1335,0
ID1336,0
ID1337,0
ID1338,1
ID1339,0
ID1340,0
ID1341,0
ID1342,0
ID1343,0
ID1344,0
ID1345,0
ID1346,0
ID1347,0
ID1348,0
ID1349,0
ID1350,0
ID1351,0
ID1352,0
ID1353,1
ID1354,0
ID1355,0
ID1356,1
ID1357,0
ID1358,0
ID1359,0
ID1360,0
ID1361,0
ID1362,0
ID1363,0
ID1364,0
ID1365,0
ID1366,0
ID1367,0
ID1368,1
ID1369,0
ID1370,0
ID1371,0
ID1372,0
ID1373,0
ID1374,0
ID1375,0
ID1376,0
ID1377,0
ID1378,0
ID1379,1
ID1380,0
ID1381,0
ID1382,0
ID1383,0
ID1384,1
ID1385,0
ID1386,0
ID1387,0
ID1388,0
ID1389,0
ID1390,1
ID1391,0
ID1392,1
ID1393,0
ID1394,0
ID1395,0
ID1396,0
ID1397,1
ID1398,0
ID1399,0
ID1400,0
ID1401,0
ID1402,0
ID1403,0
ID1404,0
ID1405,0
ID1406,0
ID1407,0
ID1408,0
ID1409,0
ID1410,0
ID1411,0
ID1412,0
ID1413,1
ID1414,0
ID1415,0
ID1416,0
ID1417,0
ID1418,0
ID1419,0
ID1420,0
ID1421,0
ID1422,0
ID1423,0
ID1424,0
ID1425,0
ID1426,0
ID1427,0
ID1428,0
ID1429,0
ID1430,0
ID1431,0
ID1432,0
ID1433,1
ID1434,0
ID1435,0
ID1436,0
ID1437,0
ID1438,0
ID1439,0
ID1440,0
ID1441,0
ID1442,0
ID1443,0
ID1444,0
ID1445,0
ID1446,0
ID1447,0
ID1448,0
ID1449,0
ID1450,0
ID1451,0
ID1452,0
ID1453,0
ID1454,0
ID1455,0
ID1456,1
ID1457,0
ID1458,1
ID1459,0
ID1460,0
ID1461,1
ID1462,0
ID1463,0
ID1464,0
ID1465,0
ID1466,0
ID1467,1
ID1468,0
ID1469,0
ID1470,0
ID1471,0
ID1472,0
ID1473,0
ID1474,0
ID1475,0
ID1476,0
ID1477,1
ID1478,0
ID1479,0
ID1480,0
ID1481,0
ID1482,0
ID1483,0
ID1484,0
ID1485,0
ID1486,0
ID1487,0
ID1488,0
ID1489,0
ID1490,0
ID1491,0
ID1492,0
ID1493,0
ID1494,0
ID1495,0
ID1496,0
ID1497,0
ID1498,1
ID1499,0
ID1500,0
ID1501,0
ID1502,0
ID1503,0
ID1504,0
ID1505,0
ID1506,0
ID1507,0
ID1508,0
ID1509,0
ID1510,0
ID1511,0
ID1512,0
ID1513,0
ID1514,0
ID1515,0
ID1516,0
ID1517,0
ID1518,0
ID1519,1
ID1520,1
ID1521,0
ID1522,0
ID1523,0
ID1524,0
ID1525,0
ID1526,0
ID1527,0
ID1528,0
ID1529,0
ID1530,0
ID1531,0
ID1532,0
ID1533,0
ID1534,0
ID1535,0
ID1536,0
ID1537,0
ID1538,0
ID1539,0
ID1540,0
ID1541,0
ID1542,0
ID1543,0
ID1544,0
ID1545,0
ID1546,1
ID1547,1
ID1548,0
ID1549,0
ID1550,0
ID1551,0
ID1552,0
ID1553,0
ID1554,0
ID1555,0
ID1556,0
ID1557,0
ID1558,0
ID1559,0
ID1560,0
ID1561,0
ID1562,0
ID1563,1
ID1564,0
ID1565,0
ID1566,0
ID1567,0
ID1568,0
ID1569,1
ID1570,0
ID1571,0
ID1572,0
ID1573,0
ID1574,0
ID1575,0
ID1576,1
ID1577,0
ID1578,0
ID1579,0
ID1580,1
ID1581,1
ID1582,0
ID1583,0
ID1584,0
ID1585,1
ID1586,0
ID1587,0
ID1588,0
ID1589,1
ID1590,0
ID1591,0
ID1592,0
ID1593,0
ID1594,1
ID1595,0
ID1596,0
ID1597,0
ID1598,1
ID1599,0
ID1600,0
ID1601,0
ID1602,0
ID1603,0
ID1604,1
ID1605,0
ID1606,0
ID1607,0
ID1608,0
ID1609,0
ID1610,0
ID1611,0
ID1612,0
ID1613,0
ID1614,0
ID1615,0
ID1616,0
ID1617,0
ID1618,0
ID1619,0
ID1620,0
ID1621,0
ID1622,1
ID1623,0
ID1624,0
ID1625,0
ID1626,0
ID1627,0
ID1628,0
ID1629,0
ID1630,1
ID1631,0
ID1632,0
ID1633,1
ID1634,0
ID1635,0
ID1636,0
ID1637,0
ID1638,0
ID1639,0
ID1640,0
ID1641,0
ID1642,1
ID1643,0
ID1644,0
ID1645,0
ID1646,0
ID1647,0
ID1648,0
ID1649,0
ID1650,0
ID1651,0
ID1652,0
ID1653,0
ID1654,1
ID1655,1
ID1656,0
ID1657,0
ID1658,0
ID1659,0
ID1660,0
ID1661,0
ID1662,0
ID1663,0
ID1664,0
ID1665,0
ID1666,0
ID1667,0
ID1668,0
ID1669,0
ID1670,0
ID1671,0
ID1672,1
ID1673,0
ID1674,0
ID1675,0
ID1676,1
ID1677,0
ID1678,0
ID1679,0
ID1680,0
ID1681,1
ID1682,0
ID1683,0
ID1684,0
ID1685,0
ID1686,0
ID1687,0
ID1688,0
ID1689,1
ID1690,0
ID1691,0
ID1692,0
ID1693,0
ID1694,0
ID1695,0
ID1696,0
ID1697,0
ID1698,0
ID1699,0
ID1700,0
ID1701,0
ID1702,0
ID1703,0
ID1704,0
ID1705,0
ID1706,0
ID1707,0
ID1708,0
ID1709,0
ID1710,0
ID1711,0
ID1712,1
ID1713,0
ID1714,0
ID1715,0
ID1716,0
ID1717,0
ID1718,0
ID1719,0
ID1720,0
ID1721,0
ID1722,0
ID1723,0
ID1724,0
ID1725,0
ID1726,0
ID1727,0
ID1728,0
ID1729,1
ID1730,0
ID1731,1
ID1732,0
ID1733,0
ID1734,0
ID1735,0
ID1736,0
ID1737,0
ID1738,0
ID1739,0
ID1740,0
ID1741,0
ID1742,0
ID1743,0
ID1744,0
ID1745,0
ID1746,0
ID1747,1
ID1748,0
ID1749,0
ID1750,0
ID1751,0
ID1752,0
ID1753,0
ID1754,0
ID1755,0
ID1756,0
ID1757,0
ID1758,0
ID1759,0
ID1760,0
ID1761,0
ID1762,0
ID1763,0
ID1764,0
ID1765,0
ID1766,0
ID1767,1
ID1768,0
ID1769,0
ID1770,0
ID1771,0
ID1772,0
ID1773,0
ID1774,0
ID1775,0
ID1776,0
ID1777,0
ID1778,0
ID1779,1
ID1780,0
ID1781,0
ID1782,0
ID1783,0
ID1784,0
ID1785,0
ID1786,0
ID1787,0
ID1788,0
ID1789,0
ID1790,1
ID1791,0
ID1792,0
ID1793,0
ID1794,0
ID1795,0
ID1796,0
ID1797,0
ID1798,0
ID1799,0
ID1800,0
ID1801,0
ID1802,0
ID1803,0
ID1804,0
ID1805,0
ID1806,0
ID1807,0
ID1808,0
ID1809,0
ID1810,0
ID1811,0
ID1812,0
ID1813,0
ID1814,0
ID1815,0
ID1816,0
ID1817,0
ID1818,1
ID1819,0
ID1820,0
ID1821,0
ID1822,0
ID1823,0
ID1824,0
ID1825,0
ID1826,0
ID1827,0
ID1828,0
ID1829,0
ID1830,1
ID1831,0
ID1832,0
ID1833,0
ID1834,0
ID1835,0
ID1836,0
ID1837,1
ID1838,0
ID1839,0
ID1840,0
ID1841,0
ID1842,0
ID1843,0
ID1844,0
ID1845,0
ID1846,0
ID1847,0
ID1848,0
ID1849,0
ID1850,0
ID1851,0
ID1852,0
ID1853,0
ID1854,0
ID1855,0
ID1856,0
ID1857,0
ID1858,0
ID1859,0
ID1860,0
ID1861,0
ID1862,0
ID1863,0
ID1864,0
ID1865,0
ID1866,0
ID1867,0
ID1868,0
ID1869,1
ID1870,0
ID1871,0
ID1872,0
ID1873,0
ID1874,0
ID1875,0
ID1876,0
ID1877,0
ID1878,0
ID1879,0
ID1880,0
ID1881,0
ID1882,0
ID1883,0
ID1884,0
ID1885,0
ID1886,0
ID1887,0
ID1888,0
ID1889,0
ID1890,0
ID1891,0
ID1892,0
ID1893,0
ID1894,0
ID1895,0
ID1896,0
ID1897,0
ID1898,1
ID1899,0
ID1900,0
ID1901,0
ID1902,0
ID1903,0
ID1904,0
ID1905,0
ID1906,1
ID1907,0
ID1908,0
ID1909,0
ID1910,0
ID1911,0
ID1912,0
ID1913,0
ID1914,1
ID1915,0
ID1916,0
ID1917,0
ID1918,0
ID1919,0
ID1920,0
ID1921,0
ID1922,0
ID1923,0
ID1924,0
ID1925,0
ID1926,0
ID1927,0
ID1928,0
ID1929,0
ID1930,0
ID1931,0
ID1932,0
ID1933,0
ID1934,0
ID1935,0
ID1936,0
ID1937,0
ID1938,0
ID1939,1
ID1940,0
ID1941,0
ID1942,0
ID1943,0
ID1944,0
ID1945,0
ID1946,0
ID1947,1
ID1948,0
ID1949,0
ID1950,0
ID1951,0
ID1952,0
ID1953,0
ID1954,0
ID1955,0
ID1956,0
ID1957,0
ID1958,0
ID1959,0
ID1960,0
ID1961,0
ID1962,0
ID1963,0
ID1964,0
ID1965,0
ID1966,0
ID1967,0
ID1968,0
ID1969,0
ID1970,0
ID1971,0
ID1972,0
ID1973,0
ID1974,0
ID1975,0
ID1976,1
ID1977,0
ID1978,0
ID1979,0
ID1980,0
ID1981,0
ID1982,0
ID1983,0
ID1984,0
ID1985,0
ID1986,0
ID1987,0
ID1988,0
ID1989,0
ID1990,0
ID1991,0
ID1992,0
ID1993,0
ID1994,0
ID1995,1
ID1996,0
ID1997,0
ID1998,0
ID1999,0
ID2000,0
ID2001,0
ID2002,0
ID2003,0
ID2004,0
ID2005,0
ID2006,0
ID2007,0
ID2008,0
ID2009,0
ID2010,0
ID2011,0
ID2012,0
ID2013,0
ID2014,0
ID2015,0
ID2016,0
ID2017,0
ID2018,0
ID2019,0
ID2020,0
ID2021,1
ID2022,0
ID2023,0
ID2024,0
ID2025,0
ID2026,0
ID2027,0
ID2028,1
ID2029,0
ID2030,1
ID2031,0
ID2032,0
ID2033,0
ID2034,0
ID2035,0
ID2036,0
ID2037,0
ID2038,1
ID2039,0
ID2040,0
ID2041,0
ID2042,1
ID2043,0
ID2044,0
ID2045,0
ID2046,0
ID2047,0
ID2048,0
ID2049,0
ID2050,0
ID2051,0
ID2052,0
ID2053,0
ID2054,0
ID2055,0
ID2056,0
ID2057,0
ID2058,0
ID2059,0
ID2060,0
ID2061,0
ID2062,0
ID2063,0
ID2064,0
ID2065,0
ID2066,0
ID2067,0
ID2068,0
ID2069,0
ID2070,0
ID2071,0
ID2072,0
ID2073,0
ID2074,0
ID2075,0
ID2076,0
ID2077,0
ID2078,0
ID2079,0
ID2080,1
ID2081,0
ID2082,0
ID2083,0
ID2084,0
ID2085,0
ID2086,0
ID2087,0
ID2088,0
ID2089,0
ID2090,0
ID2091,0
ID2092,0
ID2093,0
ID2094,0
ID2095,0
ID2096,0
ID2097,0
ID2098,0
ID2099,0
ID2100,1
ID2101,0
ID2102,0
ID2103,0
ID2104,0
ID2105,0
ID2106,0
ID2107,0
ID2108,0
ID2109,0
ID2110,1
ID2111,0
ID2112,0
ID2113,0
ID2114,0
ID2115,0
ID2116,1
ID2117,0
ID2118,0
ID2119,0
ID2120,0
ID2121,0
ID2122,0
ID2123,0
ID2124,0
ID2125,0
ID2126,0
ID2127,0
ID2128,0
ID2129,0
ID2130,0
ID2131,0
ID2132,0
ID2133,1
ID2134,1
ID2135,0
ID2136,0
ID2137,0
ID2138,0
ID2139,0
ID2140,1
ID2141,1
ID2142,0
ID2143,0
ID2144,0
ID2145,0
ID2146,0
ID2147,0
ID2148,0
ID2149,1
ID2150,0
ID2151,0
ID2152,0
ID2153,0
ID2154,0
ID2155,0
ID2156,0
ID2157,0
ID2158,0
ID2159,0
ID2160,0
ID2161,1
ID2162,0
ID2163,0
ID2164,0
ID2165,0
ID2166,0
ID2167,0
ID2168,0
ID2169,0
ID2170,1
ID2171,0
ID2172,1
ID2173,0
ID2174,1
ID2175,0
ID2176,0
ID2177,0
ID2178,0
ID2179,0
ID2180,0
ID2181,0
ID2182,0
ID2183,0
ID2184,0
ID2185,0
ID2186,0
ID2187,0
ID2188,0
ID2189,0
ID2190,0
ID2191,1
ID2192,0
ID2193,0
ID2194,0
ID2195,0
ID2196,0
ID2197,0
ID2198,0
ID2199,0
ID2200,0
ID2201,0
ID2202,0
ID2203,0
ID2204,0
ID2205,0
ID2206,0
ID2207,0
ID2208,0
ID2209,0
ID2210,0
ID2211,0
ID2212,1
ID2213,0
ID2214,0
ID2215,0
ID2216,0
ID2217,1
ID2218,0
ID2219,0
ID2220,0
ID2221,0
ID2222,0
ID2223,1
ID2224,0
ID2225,1
ID2226,1
ID2227,0
ID2228,0
ID2229,0
ID2230,0
ID2231,0
ID2232,0
ID2233,0
ID2234,0
ID2235,0
ID2236,0
ID2237,0
ID2238,0
ID2239,0
ID2240,0
ID2241,0
ID2242,0
ID2243,0
ID2244,0
ID2245,0
ID2246,0
ID2247,0
ID2248,0
ID2249,0
ID2250,0
ID2251,0
ID2252,0
ID2253,0
ID2254,0
ID2255,0
ID2256,0
ID2257,1
ID2258,0
ID2259,0
ID2260,0
ID2261,0
ID2262,0
ID2263,0
ID2264,0
ID2265,0
ID2266,0
ID2267,0
ID2268,0
ID2269,0
ID2270,0
ID2271,0
ID2272,0
ID2273,0
ID2274,0
ID2275,0
ID2276,0
ID2277,0
ID2278,0
ID2279,0
ID2280,0
ID2281,0
ID2282,0
ID2283,1
ID2284,0
ID2285,0
ID2286,0
ID2287,0
ID2288,0
ID2289,0
ID2290,0
ID2291,0
ID2292,0
ID2293,0
ID2294,0
ID2295,0
ID2296,0
ID2297,0
ID2298,0
ID2299,0
ID2300,0
ID2301,0
ID2302,0
ID2303,0
ID2304,0
ID2305,0
ID2306,0
ID2307,0
ID2308,0
ID2309,0
ID2310,0
ID2311,0
ID2312,0
ID2313,0
ID2314,0
ID2315,0
ID2316,0
ID2317,1
ID2318,0
ID2319,0
ID2320,1
ID2321,0
ID2322,0
ID2323,0
ID2324,0
ID2325,0
ID2326,0
ID2327,0
ID2328,0
ID2329,0
ID2330,0
ID2331,0
ID2332,0
ID2333,0
ID2334,0
ID2335,1
ID2336,0
ID2337,0
ID2338,0
ID2339,0
ID2340,0
ID2341,0
ID2342,0
ID2343,0
ID2344,0
ID2345,0
ID2346,0
ID2347,0
ID2348,0
ID2349,0
ID2350,0
ID2351,0
ID2352,0
ID2353,0
ID2354,0
ID2355,0
ID2356,1
ID2357,0
ID2358,0
ID2359,0
ID2360,1
ID2361,0
ID2362,0
ID2363,0
ID2364,0
ID2365,0
ID2366,0
ID2367,0
ID2368,0
ID2369,0
ID2370,0
ID2371,0
ID2372,0
ID2373,0
ID2374,0
ID2375,0
ID2376,0
ID2377,0
ID2378,0
ID2379,0
ID2380,0
ID2381,0
ID2382,0
ID2383,0
ID2384,0
ID2385,1
ID2386,0
ID2387,0
ID2388,0
ID2389,0
ID2390,0
ID2391,0
ID2392,0
ID2393,0
ID2394,0
ID2395,0
ID2396,0
ID2397,0
ID2398,0
ID2399,0
ID2400,0
ID2401,0
ID2402,0
ID2403,0
ID2404,0
ID2405,0
ID2406,1
ID2407,1
ID2408,1
ID2409,0
ID2410,0
ID2411,0
ID2412,0
ID2413,0
ID2414,0
ID2415,0
ID2416,0
ID2417,0
ID2418,0
ID2419,0
ID2420,1
ID2421,0
ID2422,0
ID2423,0
ID2424,0
ID2425,0
ID2426,0
ID2427,0
ID2428,0
ID2429,0
ID2430,0
ID2431,0
ID2432,0
ID2433,0
ID2434,0
ID2435,0
ID2436,0
ID2437,0
ID2438,0
ID2439,0
ID2440,1
ID2441,0
ID2442,0
ID2443,0
ID2444,1
ID2445,0
ID2446,0
ID2447,0
ID2448,0
ID2449,0
ID2450,0
ID2451,0
ID2452,0
ID2453,0
ID2454,0
ID2455,0
ID2456,0
ID2457,0
ID2458,0
ID2459,0
ID2460,0
ID2461,0
ID2462,0
ID2463,0
ID2464,0
ID2465,0
ID2466,0
ID2467,0
ID2468,0
ID2469,0
ID2470,0
ID2471,0
ID2472,0
ID2473,0
ID2474,0
ID2475,0
ID2476,0
ID2477,0
ID2478,0
ID2479,0
ID2480,0
ID2481,1
ID2482,0
ID2483,0
ID2484,0
ID2485,0
ID2486,0
ID2487,0
ID2488,0
ID2489,0
ID2490,0
ID2491,0
ID2492,0
ID2493,0
ID2494,0
ID2495,0
ID2496,0
ID2497,0
ID2498,0
ID2499,0
ID2500,0
ID2501,0
ID2502,1
ID2503,0
ID2504,0
ID2505,0
ID2506,0
ID2507,0
ID2508,0
ID2509,0
ID2510,0
ID2511,0
ID2512,0
ID2513,0
ID2514,0
ID2515,0
ID2516,0
ID2517,0
ID2518,0
ID2519,0
ID2520,0
ID2521,0
ID2522,1
ID2523,0
ID2524,0
ID2525,0
ID2526,0
ID2527,0
ID2528,0
ID2529,1
ID2530,0
ID2531,0
ID2532,0
ID2533,0
ID2534,0
ID2535,0
ID2536,0
ID2537,0
ID2538,0
ID2539,0
ID2540,0
ID2541,1
ID2542,0
ID2543,1
ID2544,0
ID2545,1
ID2546,0
ID2547,0
ID2548,0
ID2549,0
ID2550,0
ID2551,0
ID2552,0
ID2553,0
ID2554,0
ID2555,0
ID2556,0
ID2557,0
ID2558,0
ID2559,0
ID2560,0
ID2561,1
ID2562,0
ID2563,1
ID2564,0
ID2565,0
ID2566,0
ID2567,0
ID2568,0
ID2569,0
ID2570,0
ID2571,0
ID2572,0
ID2573,0
ID2574,0
ID2575,0
ID2576,1
ID2577,0
ID2578,0
ID2579,0
ID2580,0
ID2581,0
ID2582,1
ID2583,0
ID2584,0
ID2585,1
ID2586,0
ID2587,0
ID2588,0
ID2589,0
ID2590,0
ID2591,0
ID2592,0
ID2593,0
ID2594,0
ID2595,0
ID2596,0
ID2597,0
ID2598,0
ID2599,0
ID2600,0
ID2601,0
ID2602,0
ID2603,0
ID2604,1
ID2605,0
ID2606,0
ID2607,0
ID2608,0
ID2609,0
ID2610,0
ID2611,0
ID2612,0
ID2613,0
ID2614,0
ID2615,0
ID2616,0
ID2617,0
ID2618,0
ID2619,0
ID2620,0
ID2621,1
ID2622,0
ID2623,0
ID2624,0
ID2625,0
ID2626,0
ID2627,0
ID2628,0
ID2629,0
ID2630,0
ID2631,0
ID2632,0
ID2633,0
ID2634,0
ID2635,0
ID2636,0
ID2637,1
ID2638,0
ID2639,0
ID2640,0
ID2641,0
ID2642,0
ID2643,1
ID2644,0
ID2645,0
ID2646,0
ID2647,1
ID2648,0
ID2649,0
ID2650,1
ID2651,0
ID2652,0
ID2653,0
ID2654,1
ID2655,0
ID2656,0
ID2657,0
ID2658,0
ID2659,0
ID2660,0
ID2661,0
ID2662,0
ID2663,0
ID2664,0
ID2665,0
ID2666,0
ID2667,0
ID2668,0
ID2669,1
ID2670,0
ID2671,0
ID2672,0
ID2673,0
ID2674,0
ID2675,0
ID2676,0
ID2677,0
ID2678,0
ID2679,0
ID2680,0
ID2681,0
ID2682,0
ID2683,0
ID2684,0
ID2685,0
ID2686,0
ID2687,0
ID2688,0
ID2689,0
ID2690,0
ID2691,0
ID2692,0
ID2693,0
ID2694,0
ID2695,0
ID2696,0
ID2697,0
ID2698,0
ID2699,0
ID2700,0
ID2701,0
ID2702,0
ID2703,0
ID2704,0
ID2705,0
ID2706,0
ID2707,0
ID2708,0
ID2709,0
ID2710,0
ID2711,0
ID2712,0
ID2713,0
ID2714,0
ID2715,0
ID2716,0
ID2717,1
ID2718,1
ID2719,0
ID2720,0
ID2721,0
ID2722,0
ID2723,1
ID2724,0
ID2725,0
ID2726,0
ID2727,0
ID2728,0
ID2729,0
ID2730,0
ID2731,0
ID2732,0
ID2733,0
ID2734,1
ID2735,0
ID2736,0
ID2737,0
ID2738,0
ID2739,0
ID2740,0
ID2741,0
ID2742,0
ID2743,0
ID2744,0
ID2745,0
ID2746,1
ID2747,0
ID2748,1
ID2749,0
ID2750,0
ID2751,1
ID2752,0
ID2753,0
ID2754,0
ID2755,0
ID2756,0
ID2757,0
ID2758,1
ID2759,0
ID2760,0
ID2761,0
ID2762,0
ID2763,0
ID2764,0
ID2765,0
ID2766,0
ID2767,0
ID2768,0
ID2769,0
ID2770,1
ID2771,0
ID2772,0
ID2773,1
ID2774,1
ID2775,0
ID2776,0
ID2777,0
ID2778,1
ID2779,0
ID2780,0
ID2781,0
ID2782,0
ID2783,0
ID2784,0
ID2785,0
ID2786,0
ID2787,0
ID2788,1
ID2789,0
ID2790,0
ID2791,1
ID2792,0
ID2793,1
ID2794,0
ID2795,0
ID2796,1
ID2797,0
ID2798,0
ID2799,1
ID2800,0
ID2801,0
ID2802,0
ID2803,0
ID2804,0
ID2805,0
ID2806,0
ID2807,0
ID2808,0
ID2809,0
ID2810,1
ID2811,0
ID2812,1
ID2813,0
ID2814,1
ID2815,0
ID2816,0
ID2817,0
ID2818,0
ID2819,0
ID2820,0
ID2821,0
ID2822,0
ID2823,0
ID2824,0
ID2825,0
ID2826,0
ID2827,0
ID2828,0
ID2829,0
ID2830,0
ID2831,0
ID2832,0
ID2833,1
ID2834,0
ID2835,0
ID2836,0
ID2837,1
ID2838,0
ID2839,0
ID2840,0
ID2841,1
ID2842,0
ID2843,0
ID2844,0
ID2845,0
ID2846,0
ID2847,0
ID2848,0
ID2849,0
ID2850,0
ID2851,1
ID2852,0
ID2853,0
ID2854,0
ID2855,0
ID2856,0
ID2857,0
ID2858,0
ID2859,0
ID2860,0
ID2861,0
ID2862,0
ID2863,0
ID2864,1
ID2865,0
ID2866,0
ID2867,0
ID2868,0
ID2869,0
ID2870,0
ID2871,0
ID2872,0
ID2873,0
ID2874,0
ID2875,0
ID2876,0
ID2877,0
ID2878,0
ID2879,0
ID2880,0
ID2881,0
ID2882,0
ID2883,0
ID2884,0
ID2885,0
ID2886,0
ID2887,0
ID2888,0
ID2889,0
ID2890,0
ID2891,0
ID2892,0
ID2893,0
ID2894,0
ID2895,0
ID2896,0
ID2897,0
ID2898,0
ID2899,0
ID2900,0
ID2901,0
ID2902,0
ID2903,0
ID2904,0
ID2905,1
ID2906,0
ID2907,0
ID2908,0
ID2909,0
ID2910,0
ID2911,0
ID2912,0
ID2913,0
ID2914,0
ID2915,0
ID2916,0
ID2917,0
ID2918,0
ID2919,0
ID2920,0
ID2921,0
ID2922,0
ID2923,1
ID2924,0
ID2925,0
ID2926,0
ID2927,0
ID2928,0
ID2929,0
ID2930,0
ID2931,0
ID2932,1
ID2933,0
ID2934,0
ID2935,0
ID2936,0
ID2937,0
ID2938,0
ID2939,0
ID2940,0
ID2941,0
ID2942,0
ID2943,0
ID2944,0
ID2945,0
ID2946,0
ID2947,0
ID2948,0
ID2949,0
ID2950,0
ID2951,0
ID2952,0
ID2953,0
ID2954,0
ID2955,0
ID2956,0
ID2957,0
ID2958,0
ID2959,0
ID2960,0
ID2961,0
ID2962,0
ID2963,0
ID2964,0
ID2965,0
ID2966,0
ID2967,0
ID2968,0
ID2969,0
ID2970,0
ID2971,0
ID2972,0
ID2973,0
ID2974,1
ID2975,0
ID2976,0
ID2977,0
ID2978,0
ID2979,1
ID2980,0
ID2981,0
ID2982,0
ID2983,0
ID2984,1
ID2985,1
ID2986,0
ID2987,0
ID2988,0
ID2989,0
ID2990,0
ID2991,0
ID2992,0
ID2993,0
ID2994,1
ID2995,1
ID2996,0
ID2997,0
ID2998,0
ID2999,0
ID3000,0
ID3001,0
ID3002,1
ID3003,0
ID3004,0
ID3005,0
ID3006,0
ID3007,0
ID3008,0
ID3009,0
ID3010,0
ID3011,0
ID3012,0
ID3013,0
ID3014,0
ID3015,0
ID3016,0
ID3017,0
ID3018,0
ID3019,0
ID3020,0
ID3021,0
ID3022,0
ID3023,0
ID3024,0
ID3025,0
ID3026,0
ID3027,0
ID3028,0
ID3029,0
ID3030,0
ID3031,0
ID3032,0
ID3033,0
ID3034,0
ID3035,0
ID3036,0
ID3037,0
ID3038,0
ID3039,0
ID3040,0
ID3041,0
ID3042,0
ID3043,0
ID3044,0
ID3045,0
ID3046,0
ID3047,0
ID3048,0
ID3049,0
ID3050,0
ID3051,0
ID3052,0
ID3053,1
ID3054,0
ID3055,0
ID3056,0
ID3057,0
ID3058,0
ID3059,0
ID3060,0
ID3061,1
ID3062,0
ID3063,0
ID3064,0
ID3065,0
ID3066,0
ID3067,0
ID3068,0
ID3069,1
ID3070,0
ID3071,0
ID3072,0
ID3073,0
ID3074,1
ID3075,0
ID3076,0
ID3077,0
ID3078,0
ID3079,0
ID3080,0
ID3081,0
ID3082,0
ID3083,0
ID3084,0
ID3085,0
ID3086,0
ID3087,0
ID3088,0
ID3089,1
ID3090,0
ID3091,0
ID3092,0
ID3093,0
ID3094,0
ID3095,1
ID3096,1
ID3097,0
ID3098,0
ID3099,0
ID3100,0
ID3101,0
ID3102,0
ID3103,1
ID3104,0
ID3105,0
ID3106,0
ID3107,0
ID3108,0
ID3109,0
ID3110,1
ID3111,0
ID3112,0
ID3113,0
ID3114,0
ID3115,0
ID3116,0
ID3117,0
ID3118,0
ID3119,0
ID3120,0
ID3121,0
ID3122,0
ID3123,0
ID3124,0
ID3125,0
ID3126,0
ID3127,0
ID3128,0
ID3129,0
ID3130,1
ID3131,0
ID3132,0
ID3133,0
ID3134,0
ID3135,0
ID3136,0
ID3137,1
ID3138,0
ID3139,0
ID3140,0
ID3141,0
ID3142,0
ID3143,1
ID3144,0
ID3145,0
ID3146,0
ID3147,0
ID3148,0
ID3149,0
ID3150,0
ID3151,0
ID3152,0
ID3153,0
ID3154,0
ID3155,0
ID3156,0
ID3157,0
ID3158,0
ID3159,0
ID3160,0
ID3161,0
ID3162,0
ID3163,0
ID3164,0
ID3165,0
ID3166,0
ID3167,0
ID3168,0
ID3169,0
ID3170,0
ID3171,0
ID3172,0
ID3173,0
ID3174,0
ID3175,0
ID3176,1
ID3177,0
ID3178,0
ID3179,1
ID3180,0
ID3181,0
ID3182,1
ID3183,0
ID3184,0
ID3185,0
ID3186,1
ID3187,0
ID3188,0
ID3189,0
ID3190,0
ID3191,1
ID3192,0
ID3193,0
ID3194,0
ID3195,0
ID3196,0
ID3197,0
ID3198,0
ID3199,0
ID3200,0
ID3201,1
ID3202,0
ID3203,1
ID3204,0
ID3205,0
ID3206,0
ID3207,0
ID3208,1
ID3209,0
ID3210,0
ID3211,0
ID3212,0
ID3213,1
ID3214,0
ID3215,0
ID3216,0
ID3217,0
ID3218,0
ID3219,0
ID3220,0
ID3221,0
ID3222,0
ID3223,0
ID3224,0
ID3225,0
ID3226,0
ID3227,0
ID3228,0
ID3229,0
ID3230,0
ID3231,0
ID3232,0
ID3233,0
ID3234,0
ID3235,0
ID3236,0
ID3237,0
ID3238,1
ID3239,0
ID3240,0
ID3241,0
ID3242,1
ID3243,1
ID3244,0
ID3245,0
ID3246,0
ID3247,0
ID3248,0
ID3249,0
ID3250,0
ID3251,0
ID3252,0
ID3253,0
ID3254,0
ID3255,0
ID3256,1
ID3257,0
ID3258,0
ID3259,0
ID3260,0
ID3261,0
ID3262,0
ID3263,0
ID3264,0
ID3265,0
ID3266,0
ID3267,1
ID3268,1
ID3269,0
ID3270,0
ID3271,0
ID3272,0
ID3273,0
ID3274,1
ID3275,0
ID3276,0
ID3277,0
ID3278,0
ID3279,0
ID3280,0
ID3281,0
ID3282,0
ID3283,0
ID3284,0
ID3285,0
ID3286,0
ID3287,0
ID3288,0
ID3289,0
ID3290,0
ID3291,0
ID3292,0
ID3293,0
ID3294,0
ID3295,0
ID3296,0
ID3297,1
ID3298,0
ID3299,0
ID3300,0
ID3301,0
ID3302,0
ID3303,0
ID3304,0
ID3305,0
ID3306,0
ID3307,0
ID3308,0
ID3309,0
ID3310,0
ID3311,0
ID3312,0
ID3313,0
ID3314,0
ID3315,0
ID3316,0
ID3317,0
ID3318,0
ID3319,0
ID3320,0
ID3321,0
ID3322,1
ID3323,0
ID3324,0
ID3325,0
ID3326,1
ID3327,0
ID3328,0
ID3329,0
ID3330,0
ID3331,0
ID3332,0
ID3333,0
ID3334,0
ID3335,0
ID3336,0
ID3337,1
ID3338,0
ID3339,0
ID3340,0
ID3341,1
ID3342,0
ID3343,0
ID3344,1
ID3345,0
ID3346,0
ID3347,1
ID3348,0
ID3349,0
ID3350,0
ID3351,0
ID3352,0
ID3353,0
ID3354,0
ID3355,0
ID3356,0
ID3357,0
ID3358,0
ID3359,0
ID3360,0
ID3361,0
ID3362,0
ID3363,0
ID3364,0
ID3365,0
ID3366,0
ID3367,0
ID3368,0
ID3369,1
ID3370,0
ID3371,0
ID3372,0
ID3373,1
ID3374,0
ID3375,0
ID3376,1
ID3377,0
ID3378,0
ID3379,0
ID3380,0
ID3381,1
ID3382,1
ID3383,0
ID3384,0
ID3385,0
ID3386,0
ID3387,0
ID3388,0
ID3389,0
ID3390,0
ID3391,0
ID3392,0
ID3393,0
ID3394,0
ID3395,0
ID3396,0
ID3397,0
ID3398,0
ID3399,0
ID3400,0
ID3401,0
ID3402,0
ID3403,0
ID3404,0
ID3405,0
ID3406,0
ID3407,0
ID3408,0
ID3409,0
ID3410,0
ID3411,1
ID3412,0
ID3413,0
ID3414,0
ID3415,1
ID3416,0
ID3417,0
ID3418,0
ID3419,0
ID3420,0
ID3421,0
ID3422,1
ID3423,0
ID3424,0
ID3425,0
ID3426,0
ID3427,0
ID3428,0
ID3429,0
ID3430,0
ID3431,0
ID3432,0
ID3433,1
ID3434,0
ID3435,0
ID3436,0
ID3437,0
ID3438,0
ID3439,1
ID3440,0
ID3441,0
ID3442,0
ID3443,0
ID3444,0
ID3445,0
ID3446,0
ID3447,0
ID3448,0
ID3449,0
ID3450,0
ID3451,0
ID3452,0
ID3453,0
ID3454,0
ID3455,0
ID3456,0
ID3457,0
ID3458,0
ID3459,0
ID3460,0
ID3461,0
ID3462,0
ID3463,0
ID3464,0
ID3465,0
ID3466,0
ID3467,0
ID3468,0
ID3469,0
ID3470,0
ID3471,0
ID3472,0
ID3473,0
ID3474,0
ID3475,0
ID3476,0
ID3477,0
ID3478,0
ID3479,1
ID3480,0
ID3481,0
ID3482,0
ID3483,0
ID3484,0
ID3485,0
ID3486,0
ID3487,0
ID3488,0
ID3489,0
ID3490,0
ID3491,0
ID3492,0
ID3493,0
ID3494,0
ID3495,0
ID3496,0
ID3497,0
ID3498,0
ID3499,0
ID3500,1
ID3501,0
ID3502,0
ID3503,0
ID3504,0
ID3505,0
ID3506,0
ID3507,0
ID3508,0
ID3509,1
ID3510,0
ID3511,0
ID3512,0
ID3513,1
ID3514,0
ID3515,0
ID3516,0
ID3517,0
ID3518,0
ID3519,0
ID3520,0
ID3521,0
ID3522,0
ID3523,0
ID3524,0
ID3525,0
ID3526,0
ID3527,0
ID3528,0
ID3529,0
ID3530,0
ID3531,0
ID3532,0
ID3533,0
ID3534,0
ID3535,0
ID3536,0
ID3537,0
ID3538,0
ID3539,0
ID3540,0
ID3541,0
ID3542,0
ID3543,0
ID3544,1
ID3545,0
ID3546,0
ID3547,0
ID3548,1
ID3549,0
ID3550,0
ID3551,0
ID3552,0
ID3553,0
ID3554,0
ID3555,0
ID3556,0
ID3557,0
ID3558,1
ID3559,0
ID3560,0
ID3561,0
ID3562,0
ID3563,0
ID3564,0
ID3565,0
ID3566,0
ID3567,0
ID3568,0
ID3569,0
ID3570,0
ID3571,0
ID3572,0
ID3573,0
ID3574,0
ID3575,0
ID3576,0
ID3577,0
ID3578,0
ID3579,0
ID3580,0
ID3581,0
ID3582,0
ID3583,0
ID3584,0
ID3585,0
ID3586,0
ID3587,0
ID3588,0
ID3589,1
ID3590,0
ID3591,0
ID3592,0
ID3593,0
ID3594,0
ID3595,0
ID3596,0
ID3597,0
ID3598,0
ID3599,0
ID3600,0
ID3601,0
ID3602,0
ID3603,0
ID3604,0
ID3605,0
ID3606,0
ID3607,1
ID3608,1
ID3609,0
ID3610,0
ID3611,0
ID3612,1
ID3613,0
ID3614,0
ID3615,0
ID3616,0
ID3617,0
ID3618,0
ID3619,0
ID3620,0
ID3621,0
ID3622,1
ID3623,1
ID3624,0
ID3625,1
ID3626,0
ID3627,1
ID3628,0
ID3629,0
ID3630,0
ID3631,0
ID3632,0
ID3633,1
ID3634,0
ID3635,0
ID3636,1
ID3637,1
ID3638,0
ID3639,0
ID3640,0
ID3641,0
ID3642,0
ID3643,0
ID3644,1
ID3645,0
ID3646,0
ID3647,0
ID3648,0
ID3649,0
ID3650,0
ID3651,0
ID3652,0
ID3653,0
ID3654,0
ID3655,0
ID3656,0
ID3657,0
ID3658,0
ID3659,0
ID3660,0
ID3661,0
ID3662,0
ID3663,1
ID3664,0
ID3665,0
ID3666,0
ID3667,0
ID3668,0
ID3669,0
ID3670,0
ID3671,0
ID3672,1
ID3673,1
ID3674,0
ID3675,0
ID3676,0
ID3677,0
ID3678,1
ID3679,0
ID3680,1
ID3681,1
ID3682,0
ID3683,1
ID3684,0
ID3685,0
ID3686,0
ID3687,0
ID3688,0
ID3689,0
ID3690,0
ID3691,0
ID3692,0
ID3693,0
ID3694,1
ID3695,0
ID3696,0
ID3697,0
ID3698,0
ID3699,0
ID3700,0
ID3701,0
ID3702,0
ID3703,0
ID3704,0
ID3705,0
ID3706,0
ID3707,0
ID3708,0
ID3709,0
ID3710,0
ID3711,0
ID3712,0
ID3713,0
ID3714,0
ID3715,0
ID3716,0
ID3717,0
ID3718,0
ID3719,0
ID3720,0
ID3721,0
ID3722,1
ID3723,0
ID3724,0
ID3725,0
ID3726,0
ID3727,0
ID3728,0
ID3729,0
ID3730,0
ID3731,1
ID3732,0
ID3733,0
ID3734,0
ID3735,0
ID3736,0
ID3737,0
ID3738,0
ID3739,0
ID3740,0
ID3741,0
ID3742,0
ID3743,0
ID3744,0
ID3745,0
ID3746,0
ID3747,0
ID3748,0
ID3749,0
ID3750,0
ID3751,0
ID3752,0
ID3753,0
ID3754,0
ID3755,0
ID3756,0
ID3757,0
ID3758,0
ID3759,0
ID3760,0
ID3761,0
ID3762,0
ID3763,0
ID3764,0
ID3765,0
ID3766,0
ID3767,1
ID3768,0
ID3769,0
ID3770,0
ID3771,0
ID3772,0
ID3773,0
ID3774,1
ID3775,0
ID3776,0
ID3777,0
ID3778,0
ID3779,0
ID3780,0
ID3781,0
ID3782,0
ID3783,0
ID3784,0
ID3785,0
ID3786,1
ID3787,1
ID3788,0
ID3789,0
ID3790,1
ID3791,0
ID3792,0
ID3793,0
ID3794,0
ID3795,0
ID3796,0
ID3797,0
ID3798,0
ID3799,0
ID3800,0
ID3801,0
ID3802,0
ID3803,0
ID3804,0
ID3805,0
ID3806,0
ID3807,0
ID3808,1
ID3809,0
ID3810,0
ID3811,0
ID3812,0
ID3813,0
ID3814,1
ID3815,0
ID3816,0
ID3817,0
ID3818,0
ID3819,0
ID3820,0
ID3821,0
ID3822,0
ID3823,0
ID3824,0
ID3825,0
ID3826,0
ID3827,0
ID3828,0
ID3829,0
ID3830,0
ID3831,0
ID3832,0
ID3833,0
ID3834,0
ID3835,0
ID3836,0
ID3837,0
ID3838,0
ID3839,0
ID3840,0
ID3841,0
ID3842,0
ID3843,0
ID3844,0
ID3845,0
ID3846,0
ID3847,0
ID3848,0
ID3849,0
ID3850,0
ID3851,0
ID3852,0
ID3853,0
ID3854,0
ID3855,0
ID3856,0
ID3857,0
ID3858,0
ID3859,0
ID3860,0
ID3861,0
ID3862,0
ID3863,0
ID3864,1
ID3865,0
ID3866,0
ID3867,0
ID3868,0
ID3869,0
ID3870,0
ID3871,0
ID3872,0
ID3873,0
ID3874,0
ID3875,0
ID3876,0
ID3877,0
ID3878,0
ID3879,0
ID3880,0
ID3881,0
ID3882,0
ID3883,0
ID3884,0
ID3885,0
ID3886,1
ID3887,0
ID3888,0
ID3889,0
ID3890,0
ID3891,0
ID3892,0
ID3893,0
ID3894,0
ID3895,0
ID3896,0
ID3897,0
ID3898,0
ID3899,0
ID3900,0
ID3901,0
ID3902,0
ID3903,0
ID3904,0
ID3905,0
ID3906,1
ID3907,0
ID3908,0
ID3909,0
ID3910,0
ID3911,0
ID3912,0
ID3913,0
ID3914,0
ID3915,0
ID3916,0
ID3917,0
ID3918,0
ID3919,0
ID3920,0
ID3921,0
ID3922,0
ID3923,0
ID3924,0
ID3925,0
ID3926,0
ID3927,0
ID3928,0
ID3929,0
ID3930,0
ID3931,0
ID3932,0
ID3933,0
ID3934,0
ID3935,0
ID3936,0
ID3937,0
ID3938,1
ID3939,0
ID3940,0
ID3941,0
ID3942,0
ID3943,0
ID3944,0
ID3945,0
ID3946,0
ID3947,0
ID3948,0
ID3949,0
ID3950,0
ID3951,0
ID3952,0
ID3953,0
ID3954,0
ID3955,0
ID3956,0
ID3957,0
ID3958,0
ID3959,0
ID3960,0
ID3961,0
ID3962,0
ID3963,0
ID3964,0
ID3965,1
ID3966,0
ID3967,0
ID3968,0
ID3969,0
ID3970,0
ID3971,0
ID3972,0
ID3973,0
ID3974,0
ID3975,0
ID3976,0
ID3977,0
ID3978,0
ID3979,0
ID3980,0
ID3981,0
ID3982,0
ID3983,0
ID3984,1
ID3985,0
ID3986,0
ID3987,0
ID3988,0
ID3989,0
ID3990,1
ID3991,0
ID3992,1
ID3993,0
ID3994,0
ID3995,0
ID3996,0
ID3997,0
ID3998,0
ID3999,0
ID4000,0
ID4001,0
ID4002,0
ID4003,1
ID4004,0
ID4005,0
ID4006,0
ID4007,0
ID4008,0
ID4009,0
ID4010,0
ID4011,0
ID4012,0
ID4013,0
ID4014,0
ID4015,0
ID4016,0
ID4017,0
ID4018,0
ID4019,0
ID4020,0
ID4021,0
ID4022,0
ID4023,0
ID4024,0
ID4025,0
ID4026,0
ID4027,0
ID4028,0
ID4029,0
ID4030,0
ID4031,0
ID4032,0
ID4033,1
ID4034,0
ID4035,0
ID4036,0
ID4037,0
ID4038,0
ID4039,0
ID4040,0
ID4041,0
ID4042,0
ID4043,0
ID4044,0
ID4045,0
ID4046,0
ID4047,0
ID4048,0
ID4049,0
ID4050,0
ID4051,0
ID4052,0
ID4053,0
ID4054,0
ID4055,0
ID4056,0
ID4057,0
ID4058,0
ID4059,0
ID4060,0
ID4061,0
ID4062,0
ID4063,0
