household_ID,NoOfHoursStay
ID0001,556
ID0002,336
ID0003,468
ID0004,456
ID0005,252
ID0006,623.5
ID0007,454
ID0008,450
ID0009,142
ID0010,674
ID0011,85
ID0012,840
ID0013,168
ID0014,498
ID0015,292
ID0016,674
ID0017,528
ID0018,806
ID0019,562
ID0020,416
ID0021,620
ID0022,502
ID0023,300
ID0024,328
ID0025,240
ID0026,435
ID0027,687
ID0028,532
ID0029,486
ID0030,622
ID0031,504
ID0032,656
ID0033,446
ID0034,1148
ID0035,586
ID0036,442.5
ID0037,168
ID0038,360
ID0039,504
ID0040,111
ID0041,175
ID0042,277
ID0043,474
ID0044,168
ID0045,328.5
ID0046,428
ID0047,294
ID0048,642
ID0049,808.5
ID0050,726
ID0051,80
ID0052,315
ID0053,661
ID0054,516
ID0055,352.6
ID0056,2
ID0057,669
ID0058,21
ID0059,336
ID0060,518
ID0061,389.5
ID0062,336
ID0063,840
ID0064,445
ID0065,336
ID0066,653
ID0067,504
ID0068,877
ID0069,661
ID0070,968
ID0071,282
ID0072,1176
ID0073,580
ID0074,715
ID0075,567
ID0076,453.5
ID0077,381
ID0078,336
ID0079,944
ID0080,987
ID0081,492
ID0082,120
ID0083,336
ID0084,1166
ID0085,664
ID0086,526
ID0087,756
ID0088,336
ID0089,228
ID0090,276
ID0091,336
ID0092,434
ID0093,681
ID0094,681
ID0095,388
ID0096,439
ID0097,612
ID0098,116
ID0099,168
ID0100,409
ID0101,144
ID0102,1202
ID0103,216
ID0104,20
ID0105,496
ID0106,450
ID0107,531
ID0108,1171
ID0109,429
ID0110,676
ID0111,930
ID0112,136
ID0113,478.5
ID0114,630
ID0115,336
ID0116,363
ID0117,567
ID0118,348
ID0119,498
ID0120,240
ID0121,221
ID0122,154
ID0123,360
ID0124,801
ID0125,658
ID0126,426
ID0127,565
ID0128,420
ID0129,365
ID0130,717
ID0131,631
ID0132,403
ID0133,703.275
ID0134,551
ID0135,168
ID0136,216
ID0137,672
ID0138,20
ID0139,880
ID0140,590
ID0141,428
ID0142,707
ID0143,453
ID0144,160
ID0145,820
ID0146,1000
ID0147,552
ID0148,498
ID0149,646
ID0150,813
ID0151,574
ID0152,686
ID0153,536
ID0154,570
ID0155,258
ID0156,294
ID0157,444
ID0158,426
ID0159,552
ID0160,1
ID0161,250
ID0162,387
ID0163,180
ID0164,916
ID0165,553
ID0166,536
ID0167,298
ID0168,618
ID0169,495
ID0170,314
ID0171,842
ID0172,429
ID0173,336
ID0174,670
ID0175,281
ID0176,360
ID0177,466
ID0178,428
ID0179,698
ID0180,778
ID0181,909
ID0182,628
ID0183,224
ID0184,624
ID0185,282
ID0186,553
ID0187,336
ID0188,336
ID0189,588
ID0190,434
ID0191,500
ID0192,270
ID0193,629
ID0194,411
ID0195,338
ID0196,588
ID0197,986
ID0198,399.5
ID0199,288
ID0200,252
ID0201,504
ID0202,318
ID0203,138
ID0204,465
ID0205,504
ID0206,735
ID0207,672
ID0208,300
ID0209,310
ID0210,480
ID0211,840
ID0212,168
ID0213,336
ID0214,336
ID0215,336
ID0216,632
ID0217,332
ID0218,203
ID0219,434
ID0220,330
ID0221,815
ID0222,591
ID0223,402
ID0224,189
ID0225,422
ID0226,433
ID0227,333
ID0228,168
ID0229,616
ID0230,318
ID0231,445
ID0232,434
ID0233,747
ID0234,300
ID0235,356
ID0236,392
ID0237,537
ID0238,394
ID0239,788
ID0240,830
ID0241,504
ID0242,815
ID0243,840
ID0244,280
ID0245,640
ID0246,504
ID0247,728
ID0248,531
ID0249,481
ID0250,444
ID0251,592
ID0252,132
ID0253,519
ID0254,406
ID0255,516
ID0256,574
ID0257,444
ID0258,552
ID0259,470
ID0260,336
ID0261,548.9
ID0262,504
ID0263,634
ID0264,572
ID0265,945
ID0266,432
ID0267,680
ID0268,238
ID0269,636
ID0270,922
ID0271,166
ID0272,518
ID0273,868
ID0274,828
ID0275,600
ID0276,404
ID0277,777
ID0278,650.2
ID0279,333
ID0280,580
ID0281,336
ID0282,291
ID0283,602
ID0284,392
ID0285,1004
ID0286,574
ID0287,877
ID0288,724
ID0289,432
ID0290,16
ID0291,0
ID0292,1344
ID0293,0
ID0294,449
ID0295,405
ID0296,792
ID0297,579
ID0298,480
ID0299,413
ID0300,561.3
ID0301,744
ID0302,456
ID0303,301
ID0304,704
ID0305,672
ID0306,516
ID0307,150
ID0308,1381
ID0309,256
ID0310,265
ID0311,280
ID0312,336
ID0313,300
ID0314,1145
ID0315,434
ID0316,417
ID0317,840
ID0318,661
ID0319,648
ID0320,317
ID0321,642
ID0322,188.8
ID0323,504
ID0324,168
ID0325,434
ID0326,571
ID0327,840
ID0328,200
ID0329,647
ID0330,450
ID0331,364
ID0332,397
ID0333,704
ID0334,980
ID0335,594
ID0336,630
ID0337,756
ID0338,420
ID0339,607
ID0340,504
ID0341,182
ID0342,336
ID0343,723.05
ID0344,636
ID0345,632
ID0346,664
ID0347,481.3
ID0348,656
ID0349,1538
ID0350,390
ID0351,549.5
ID0352,412
ID0353,192
ID0354,745
ID0355,674
ID0356,420
ID0357,333
ID0358,430
ID0359,796
ID0360,752.5
ID0361,296
ID0362,307
ID0363,1512
ID0364,588
ID0365,504
ID0366,288
ID0367,574
ID0368,969.7
ID0369,340
ID0370,496
ID0371,652
ID0372,502
ID0373,192
ID0374,714
ID0375,836
ID0376,255
ID0377,360
ID0378,231
ID0379,504
ID0380,168
ID0381,616
ID0382,458
ID0383,336
ID0384,168
ID0385,660
ID0386,320
ID0387,426
ID0388,444
ID0389,380
ID0390,344
ID0391,486.1
ID0392,870
ID0393,302
ID0394,336
ID0395,329
ID0396,168
ID0397,560
ID0398,395
ID0399,237
ID0400,286
ID0401,434
ID0402,707
ID0403,383
ID0404,481
ID0405,835
ID0406,1008
ID0407,336
ID0408,192
ID0409,622
ID0410,350
ID0411,480
ID0412,80
ID0413,318
ID0414,566
ID0415,500
ID0416,382
ID0417,673
ID0418,830
ID0419,504
ID0420,414
ID0421,360
ID0422,670
ID0423,1008
ID0424,314
ID0425,198
ID0426,561
ID0427,482.5
ID0428,450
ID0429,826
ID0430,154
ID0431,399
ID0432,498
ID0433,522
ID0434,596
ID0435,600
ID0436,940
ID0437,892
ID0438,168
ID0439,436
ID0440,505
ID0441,504
ID0442,168
ID0443,566
ID0444,306
ID0445,336
ID0446,168
ID0447,552
ID0448,584
ID0449,168
ID0450,390
ID0451,388
ID0452,756
ID0453,784
ID0454,602
ID0455,368
ID0456,618
ID0457,336
ID0458,210
ID0459,323
ID0460,168
ID0461,664
ID0462,240
ID0463,336
ID0464,676
ID0465,918
ID0466,604
ID0467,426
ID0468,627
ID0469,406
ID0470,496
ID0471,568
ID0472,504
ID0473,1032
ID0474,475
ID0475,192
ID0476,336
ID0477,240
ID0478,282
ID0479,404
ID0480,581
ID0481,273
ID0482,208
ID0483,403
ID0484,168
ID0485,336
ID0486,444
ID0487,848
ID0488,448
ID0489,602
ID0490,746
ID0491,528
ID0492,644
ID0493,336
ID0494,496
ID0495,632
ID0496,456
ID0497,473
ID0498,441
ID0499,303
ID0500,334
ID0501,497.5
ID0502,264
ID0503,266
ID0504,804
ID0505,336
ID0506,847
ID0507,420
ID0508,1155
ID0509,664
ID0510,714
ID0511,566
ID0512,534
ID0513,84
ID0514,390
ID0515,628
ID0516,666
ID0517,816
ID0518,461
ID0519,772
ID0520,704
ID0521,258
ID0522,416
ID0523,278
ID0524,414
ID0525,672
ID0526,481
ID0527,248
ID0528,317
ID0529,300
ID0530,672
ID0531,444
ID0532,732
ID0533,619
ID0534,326
ID0535,168
ID0536,704
ID0537,263
ID0538,842
ID0539,258
ID0540,168
ID0541,505
ID0542,554
ID0543,672
ID0544,672
ID0545,876
ID0546,840
ID0547,592
ID0548,252
ID0549,852
ID0550,464
ID0551,498
ID0552,577
ID0553,552
ID0554,317
ID0555,504
ID0556,348
ID0557,440
ID0558,712
ID0559,1328
ID0560,516
ID0561,840
ID0562,336
ID0563,504
ID0564,504
ID0565,949
ID0566,406
ID0567,990
ID0568,711.5
ID0569,776
ID0570,613
ID0571,336
ID0572,382
ID0573,588
ID0574,840
ID0575,168
ID0576,467
ID0577,457
ID0578,414
ID0579,427
ID0580,286
ID0581,686
ID0582,336
ID0583,168
ID0584,744
ID0585,947
ID0586,459
ID0587,1191
ID0588,309.147
ID0589,852
ID0590,457
ID0591,236
ID0592,731
ID0593,1128
ID0594,1080
ID0595,759.5
ID0596,827
ID0597,485
ID0598,269
ID0599,912
ID0600,665
ID0601,525
ID0602,517
ID0603,742
ID0604,420
ID0605,651
ID0606,504
ID0607,160
ID0608,120
ID0609,540
ID0610,324
ID0611,294
ID0612,685
ID0613,580
ID0614,336
ID0615,168
ID0616,329
ID0617,324
ID0618,326
ID0619,280
ID0620,467
ID0621,502
ID0622,904
ID0623,602
ID0624,240
ID0625,462
ID0626,633
ID0627,541
ID0628,336
ID0629,253
ID0630,576
ID0631,498
ID0632,626
ID0633,124
ID0634,413
ID0635,645
ID0636,231
ID0637,492
ID0638,742
ID0639,458
ID0640,267
ID0641,572
ID0642,472
ID0643,513
ID0644,557
ID0645,650
ID0646,915
ID0647,168
ID0648,752
ID0649,336
ID0650,336
ID0651,546
ID0652,656
ID0653,980
ID0654,906
ID0655,292
ID0656,460
ID0657,616
ID0658,562
ID0659,608
ID0660,84
ID0661,690
ID0662,168
ID0663,1143
ID0664,765
ID0665,1
ID0666,775
ID0667,384
ID0668,773
ID0669,252
ID0670,300
ID0671,770
ID0672,858
ID0673,767
ID0674,168
ID0675,425
ID0676,734
ID0677,40
ID0678,520
ID0679,780
ID0680,415
ID0681,336
ID0682,374
ID0683,168
ID0684,813
ID0685,306
ID0686,1176
ID0687,1128
ID0688,504
ID0689,384
ID0690,972
ID0691,937
ID0692,119
ID0693,670
ID0694,792
ID0695,864
ID0696,288
ID0697,144
ID0698,503
ID0699,816
ID0700,432
ID0701,504
ID0702,964
ID0703,1158
ID0704,924
ID0705,0
ID0706,656
ID0707,240
ID0708,730
ID0709,390
ID0710,544
ID0711,320
ID0712,306
ID0713,595
ID0714,527
ID0715,854
ID0716,910
ID0717,924
ID0718,924
ID0719,638
ID0720,536
ID0721,756
ID0722,813
ID0723,332
ID0724,410
ID0725,962
ID0726,593
ID0727,466
ID0728,840
ID0729,288
ID0730,770
ID0731,294
ID0732,629
ID0733,917
ID0734,659
ID0735,504
ID0736,926
ID0737,448
ID0738,684
ID0739,620
ID0740,570
ID0741,1106
ID0742,560
ID0743,428
ID0744,498
ID0745,298
ID0746,641
ID0747,750
ID0748,434
ID0749,326
ID0750,436
ID0751,611
ID0752,770
ID0753,604
ID0754,401
ID0755,293
ID0756,895
ID0757,722
ID0758,308
ID0759,595
ID0760,252
ID0761,840
ID0762,280
ID0763,510
ID0764,504
ID0765,599
ID0766,336
ID0767,428
ID0768,336
ID0769,1230
ID0770,840
ID0771,646
ID0772,138
ID0773,420
ID0774,481
ID0775,607
ID0776,168
ID0777,432
ID0778,360
ID0779,423.5
ID0780,433.5
ID0781,1334
ID0782,406
ID0783,168
ID0784,300
ID0785,294
ID0786,537
ID0787,504
ID0788,852
ID0789,720
ID0790,168
ID0791,720
ID0792,921
ID0793,605
ID0794,500
ID0795,691
ID0796,920
ID0797,1008
ID0798,326
ID0799,519
ID0800,336
ID0801,168
ID0802,478
ID0803,447
ID0804,767
ID0805,662
ID0806,412
ID0807,288
ID0808,170
ID0809,168
ID0810,168
ID0811,832
ID0812,377.5
ID0813,701
ID0814,336
ID0815,712
ID0816,384
ID0817,520
ID0818,176
ID0819,720
ID0820,645
ID0821,336
ID0822,924
ID0823,572
ID0824,1000
ID0825,357
ID0826,451
ID0827,480
ID0828,779
ID0829,633
ID0830,849
ID0831,168
ID0832,336
ID0833,336
ID0834,824
ID0835,336
ID0836,391.75
ID0837,308
ID0838,406
ID0839,600.159
ID0840,802
ID0841,795
ID0842,333
ID0843,734
ID0844,308
ID0845,662
ID0846,892.7
ID0847,410
ID0848,406
ID0849,1752
ID0850,688
ID0851,526
ID0852,475
ID0853,821.75
ID0854,271
ID0855,210
ID0856,666
ID0857,720
ID0858,294
ID0859,875
ID0860,664
ID0861,924
ID0862,506
ID0863,588
ID0864,420
ID0865,352
ID0866,544
ID0867,436
ID0868,478
ID0869,197
ID0870,384.5
ID0871,539
ID0872,458
ID0873,345
ID0874,815
ID0875,63
ID0876,598
ID0877,811
ID0878,280
ID0879,480
ID0880,392
ID0881,934
ID0882,588
ID0883,620
ID0884,469
ID0885,436
ID0886,518
ID0887,345
ID0888,559
ID0889,542
ID0890,336
ID0891,21
ID0892,367
ID0893,660
ID0894,595
ID0895,820
ID0896,458
ID0897,750
ID0898,749
ID0899,1304
ID0900,113
ID0901,1080
ID0902,636
ID0903,28
ID0904,323
ID0905,610
ID0906,330
ID0907,908
ID0908,390
ID0909,210
ID0910,300
ID0911,733
ID0912,514
ID0913,264
ID0914,320
ID0915,760
ID0916,565
ID0917,774
ID0918,60
ID0919,1184
ID0920,204
ID0921,352
ID0922,448
ID0923,404
ID0924,466
ID0925,573
ID0926,10
ID0927,486
ID0928,838
ID0929,300
ID0930,698
ID0931,626
ID0932,191
ID0933,291
ID0934,251
ID0935,900
ID0936,553
ID0937,668
ID0938,366
ID0939,1616
ID0940,427
ID0941,372
ID0942,435
ID0943,668
ID0944,287
ID0945,276
ID0946,704
ID0947,158
ID0948,490
ID0949,588
ID0950,392
ID0951,612
ID0952,609.75
ID0953,699
ID0954,873
ID0955,850
ID0956,492
ID0957,528
ID0958,540
ID0959,792
ID0960,280
ID0961,382
ID0962,402
ID0963,572
ID0964,582
ID0965,802
ID0966,672
ID0967,670
ID0968,342
ID0969,492
ID0970,63
ID0971,425
ID0972,360
ID0973,546
ID0974,252
ID0975,336
ID0976,544
ID0977,301
ID0978,780
ID0979,496.3
ID0980,1106
ID0981,524
ID0982,420
ID0983,308
ID0984,514
ID0985,573
ID0986,908
ID0987,548
ID0988,756
ID0989,438
ID0990,336
ID0991,602
ID0992,184
ID0993,336
ID0994,263
ID0995,510
ID0996,752
ID0997,248
ID0998,462
ID0999,266
ID1000,628
ID1001,336
ID1002,384
ID1003,980
ID1004,828
ID1005,593
ID1006,404
ID1007,327
ID1008,557
ID1009,454
ID1010,600
ID1011,936
ID1012,1176
ID1013,852
ID1014,414
ID1015,335.3
ID1016,595
ID1017,1135
ID1018,702
ID1019,290
ID1020,336
ID1021,494
ID1022,252
ID1023,500
ID1024,1135
ID1025,877
ID1026,336
ID1027,420
ID1028,351
ID1029,293
ID1030,561
ID1031,346.75
ID1032,672
ID1033,142
ID1034,649
ID1035,466
ID1036,371.5
ID1037,544
ID1038,547
ID1039,520
ID1040,322
ID1041,420
ID1042,820
ID1043,434
ID1044,587
ID1045,168
ID1046,1050
ID1047,572
ID1048,336
ID1049,336
ID1050,547
ID1051,840
ID1052,746
ID1053,92
ID1054,552
ID1055,672
ID1056,630
ID1057,336
ID1058,600
ID1059,756
ID1060,594
ID1061,168
ID1062,308
ID1063,782
ID1064,1062
ID1065,685.5
ID1066,227
ID1067,312
ID1068,336
ID1069,336
ID1070,1438
ID1071,804
ID1072,342
ID1073,336
ID1074,768
ID1075,528
ID1076,568
ID1077,522
ID1078,98
ID1079,1014
ID1080,176
ID1081,538
ID1082,266
ID1083,445
ID1084,196
ID1085,336
ID1086,497
ID1087,356
ID1088,575
ID1089,664
ID1090,358
ID1091,756
ID1092,392
ID1093,276
ID1094,160
ID1095,336
ID1096,608
ID1097,144
ID1098,584
ID1099,704
ID1100,996
ID1101,621
ID1102,924
ID1103,316
ID1104,160
ID1105,418
ID1106,420
ID1107,1080
ID1108,818
ID1109,600
ID1110,611
ID1111,410
ID1112,320
ID1113,318
ID1114,336
ID1115,918
ID1116,708
ID1117,336
ID1118,296
ID1119,168
ID1120,168
ID1121,792
ID1122,441
ID1123,330
ID1124,724
ID1125,300
ID1126,510
ID1127,434
ID1128,288
ID1129,410
ID1130,184
ID1131,785
ID1132,336
ID1133,336
ID1134,180
ID1135,589
ID1136,680.5
ID1137,590
ID1138,714.5
ID1139,591
ID1140,489
ID1141,702.25
ID1142,943
ID1143,560
ID1144,504
ID1145,408
ID1146,945.5
ID1147,402
ID1148,556
ID1149,140
ID1150,672
ID1151,698
ID1152,242
ID1153,415
ID1154,168
ID1155,776
ID1156,605
ID1157,154
ID1158,285
ID1159,508
ID1160,1002
ID1161,228
ID1162,868
ID1163,672
ID1164,967
ID1165,954
ID1166,523
ID1167,756
ID1168,168
ID1169,604
ID1170,70
ID1171,761.75
ID1172,296
ID1173,168
ID1174,113
ID1175,550
ID1176,1018
ID1177,455
ID1178,72
ID1179,624
ID1180,402
ID1181,316
ID1182,259
ID1183,675
ID1184,440
ID1185,98
ID1186,740
ID1187,413
ID1188,336
ID1189,722
ID1190,264
ID1191,602
ID1192,420.5
ID1193,456
ID1194,960
ID1195,584
ID1196,686
ID1197,557
ID1198,660
ID1199,699.5
ID1200,335
ID1201,420
ID1202,800
ID1203,480
ID1204,504
ID1205,168
ID1206,504
ID1207,720
ID1208,168
ID1209,300
ID1210,568
ID1211,464
ID1212,670
ID1213,396
ID1214,28
ID1215,552
ID1216,483
ID1217,268
ID1218,168
ID1219,308
ID1220,294
ID1221,721
ID1222,665
ID1223,194
ID1224,240
ID1225,546
ID1226,168
ID1227,230
ID1228,504
ID1229,792
ID1230,466
ID1231,592
ID1232,170
ID1233,193
ID1234,161
ID1235,240.5
ID1236,507
ID1237,639.5
ID1238,840
ID1239,100
ID1240,113
ID1241,696
ID1242,310
ID1243,665
ID1244,707
ID1245,592
ID1246,305
ID1247,406
ID1248,378
ID1249,576
ID1250,609
ID1251,790
ID1252,405
ID1253,508
ID1254,818
ID1255,564
ID1256,336
ID1257,289
ID1258,721
ID1259,98
ID1260,565.025
ID1261,281
ID1262,488
ID1263,533
ID1264,389
ID1265,1106
ID1266,544
ID1267,408
ID1268,351
ID1269,224
ID1270,692
ID1271,446
ID1272,592
ID1273,663
ID1274,530
ID1275,168
ID1276,476
ID1277,835
ID1278,327
ID1279,875
ID1280,564
ID1281,715
ID1282,344
ID1283,854
ID1284,720
ID1285,318
ID1286,846
ID1287,755
ID1288,1040
ID1289,395
ID1290,738
ID1291,656
ID1292,603
ID1293,1201
ID1294,1295
ID1295,552
ID1296,522
ID1297,210
ID1298,922
ID1299,660
ID1300,456
ID1301,637
ID1302,798
ID1303,1014
ID1304,840
ID1305,588
ID1306,784
ID1307,504
ID1308,144
ID1309,490
ID1310,665
ID1311,755
ID1312,271
ID1313,612
ID1314,876
ID1315,571
ID1316,528
ID1317,225
ID1318,512
ID1319,504
ID1320,238
ID1321,393
ID1322,1325
ID1323,480
ID1324,790
ID1325,320
ID1326,200
ID1327,637
ID1328,673
ID1329,363
ID1330,525
ID1331,768
ID1332,546
ID1333,945
ID1334,942.5
ID1335,434
ID1336,595
ID1337,610
ID1338,835
ID1339,202
ID1340,258
ID1341,336
ID1342,673
ID1343,156
ID1344,552
ID1345,1110
ID1346,476
ID1347,479
ID1348,576
ID1349,544
ID1350,756
ID1351,627
ID1352,384
ID1353,336
ID1354,86.5
ID1355,918
ID1356,335
ID1357,259
ID1358,336
ID1359,3
ID1360,398
ID1361,357
ID1362,416
ID1363,374
ID1364,530
ID1365,556
ID1366,588
ID1367,682
ID1368,323
ID1369,336
ID1370,358
ID1371,701
ID1372,672
ID1373,444
ID1374,951
ID1375,252
ID1376,504
ID1377,459
ID1378,596.75
ID1379,788.5
ID1380,830
ID1381,826
ID1382,615
ID1383,568
ID1384,312
ID1385,504
ID1386,168
ID1387,496
ID1388,536
ID1389,733
ID1390,179
ID1391,216
ID1392,644
ID1393,454
ID1394,326
ID1395,261
ID1396,558
ID1397,588
ID1398,608
ID1399,651
ID1400,456
ID1401,453
ID1402,836
ID1403,294
ID1404,324
ID1405,504
ID1406,336
ID1407,252
ID1408,726
ID1409,140
ID1410,924
ID1411,526
ID1412,596
ID1413,595
ID1414,413.5
ID1415,566
ID1416,545
ID1417,606
ID1418,585
ID1419,734
ID1420,539
ID1421,678
ID1422,810
ID1423,577
ID1424,719
ID1425,514.25
ID1426,420
ID1427,592
ID1428,406
ID1429,300
ID1430,168
ID1431,514
ID1432,320
ID1433,380
ID1434,336
ID1435,380
ID1436,280
ID1437,304
ID1438,125
ID1439,336
ID1440,466
ID1441,296
ID1442,665
ID1443,328
ID1444,709
ID1445,554
ID1446,238
ID1447,200
ID1448,380
ID1449,894
ID1450,490
ID1451,730
ID1452,476
ID1453,634
ID1454,632
ID1455,634
ID1456,579
ID1457,763
ID1458,599
ID1459,576
ID1460,672
ID1461,611
ID1462,328
ID1463,160
ID1464,168
ID1465,273
ID1466,1000
ID1467,260
ID1468,330
ID1469,597
ID1470,504
ID1471,696
ID1472,700
ID1473,504
ID1474,859
ID1475,234
ID1476,666
ID1477,558
ID1478,733
ID1479,525.75
ID1480,312
ID1481,725
ID1482,446
ID1483,336
ID1484,856
ID1485,864
ID1486,384
ID1487,951
ID1488,476
ID1489,409
ID1490,724
ID1491,534
ID1492,408
ID1493,378
ID1494,456
ID1495,288
ID1496,797
ID1497,572
ID1498,336
ID1499,426
ID1500,862
ID1501,432
ID1502,581
ID1503,340
ID1504,420
ID1505,578
ID1506,382
ID1507,588
ID1508,537
ID1509,164
ID1510,328
ID1511,120
ID1512,462
ID1513,336
ID1514,463
ID1515,287
ID1516,1008
ID1517,589.5
ID1518,664
ID1519,273
ID1520,588
ID1521,619
ID1522,67
ID1523,535.7
ID1524,534
ID1525,383
ID1526,402
ID1527,336
ID1528,539
ID1529,367
ID1530,230
ID1531,420
ID1532,381
ID1533,501.75
ID1534,762
ID1535,764
ID1536,642
ID1537,322
ID1538,300
ID1539,161
ID1540,406
ID1541,498
ID1542,710
ID1543,420
ID1544,456
ID1545,568
ID1546,303
ID1547,198
ID1548,240
ID1549,158
ID1550,672
ID1551,210
ID1552,329
ID1553,13
ID1554,849
ID1555,736
ID1556,763
ID1557,400
ID1558,505
ID1559,406
ID1560,840
ID1561,168
ID1562,480
ID1563,515
ID1564,839
ID1565,382
ID1566,453
ID1567,755
ID1568,17
ID1569,276
ID1570,239.5
ID1571,287
ID1572,726
ID1573,388
ID1574,98
ID1575,336
ID1576,680
ID1577,196
ID1578,354
ID1579,397
ID1580,108
ID1581,440
ID1582,300
ID1583,336
ID1584,168
ID1585,444
ID1586,406.5
ID1587,693
ID1588,173
ID1589,399
ID1590,564
ID1591,456
ID1592,336
ID1593,292
ID1594,245
ID1595,961
ID1596,204
ID1597,220
ID1598,300
ID1599,564
ID1600,575
ID1601,482
ID1602,856
ID1603,901
ID1604,418
ID1605,441
ID1606,1015
ID1607,736
ID1608,308
ID1609,477
ID1610,587
ID1611,1035
ID1612,520
ID1613,1016
ID1614,605
ID1615,655
ID1616,413
ID1617,666
ID1618,588
ID1619,700
ID1620,495
ID1621,630
ID1622,420
ID1623,468
ID1624,517
ID1625,804
ID1626,387
ID1627,578
ID1628,304
ID1629,336
ID1630,291
ID1631,592
ID1632,402
ID1633,150
ID1634,877
ID1635,318
ID1636,435
ID1637,491
ID1638,150
ID1639,463
ID1640,168
ID1641,456
ID1642,504
ID1643,495
ID1644,266
ID1645,386
ID1646,275
ID1647,882
ID1648,522
ID1649,636
ID1650,742
ID1651,201
ID1652,378
ID1653,480
ID1654,506
ID1655,444
ID1656,316
ID1657,236
ID1658,492
ID1659,556
ID1660,736
ID1661,336
ID1662,273
ID1663,384
ID1664,250.5
ID1665,488
ID1666,666
ID1667,336
ID1668,840
ID1669,380
ID1670,252
ID1671,405
ID1672,336
ID1673,408
ID1674,336
ID1675,336
ID1676,114.5
ID1677,300
ID1678,740
ID1679,344
ID1680,735
ID1681,260
ID1682,328
ID1683,886
ID1684,550
ID1685,581
ID1686,385
ID1687,840
ID1688,530
ID1689,88
ID1690,468
ID1691,250
ID1692,328
ID1693,414
ID1694,721
ID1695,336
ID1696,549
ID1697,469
ID1698,168
ID1699,248
ID1700,310
ID1701,522
ID1702,798
ID1703,496
ID1704,988
ID1705,624
ID1706,842
ID1707,288
ID1708,504
ID1709,700
ID1710,769
ID1711,548
ID1712,245
ID1713,1036
ID1714,456
ID1715,406
ID1716,250
ID1717,387
ID1718,308
ID1719,800
ID1720,574
ID1721,336
ID1722,710
ID1723,688
ID1724,601
ID1725,336
ID1726,896
ID1727,336
ID1728,819
ID1729,461
ID1730,756
ID1731,279
ID1732,334
ID1733,205
ID1734,869
ID1735,49
ID1736,276
ID1737,765
ID1738,628
ID1739,213
ID1740,480
ID1741,557
ID1742,594
ID1743,581
ID1744,279
ID1745,634
ID1746,38
ID1747,531
ID1748,168
ID1749,454
ID1750,642
ID1751,240
ID1752,705
ID1753,426
ID1754,532
ID1755,252
ID1756,307
ID1757,592
ID1758,501
ID1759,438
ID1760,308
ID1761,587
ID1762,644
ID1763,294
ID1764,448
ID1765,12
ID1766,570
ID1767,56
ID1768,746
ID1769,1316
ID1770,500
ID1771,588
ID1772,401
ID1773,613
ID1774,726
ID1775,614
ID1776,126
ID1777,502
ID1778,308
ID1779,250
ID1780,624
ID1781,756
ID1782,383
ID1783,495
ID1784,731
ID1785,476
ID1786,310
ID1787,47
ID1788,602
ID1789,320.3
ID1790,325
ID1791,614
ID1792,496
ID1793,168
ID1794,574
ID1795,504
ID1796,588
ID1797,462
ID1798,648
ID1799,220
ID1800,570
ID1801,147
ID1802,504
ID1803,717
ID1804,481
ID1805,579
ID1806,707
ID1807,370
ID1808,733
ID1809,4
ID1810,616
ID1811,420
ID1812,716
ID1813,384
ID1814,830
ID1815,292
ID1816,424
ID1817,374
ID1818,532
ID1819,539
ID1820,686
ID1821,1046
ID1822,1105
ID1823,544
ID1824,673
ID1825,570
ID1826,559
ID1827,456
ID1828,944
ID1829,390
ID1830,420
ID1831,238
ID1832,320
ID1833,650
ID1834,268
ID1835,313
ID1836,420
ID1837,336
ID1838,672
ID1839,819
ID1840,430
ID1841,491
ID1842,558
ID1843,504
ID1844,264
ID1845,288
ID1846,560
ID1847,320
ID1848,308
ID1849,0
ID1850,670
ID1851,288
ID1852,542
ID1853,481
ID1854,469
ID1855,331
ID1856,556
ID1857,510
ID1858,373.5
ID1859,323
ID1860,294
ID1861,336
ID1862,566
ID1863,450
ID1864,718
ID1865,328
ID1866,364
ID1867,528
ID1868,902
ID1869,322
ID1870,867
ID1871,391
ID1872,732
ID1873,713
ID1874,967
ID1875,1003
ID1876,382
ID1877,592
ID1878,600
ID1879,154
ID1880,669
ID1881,814
ID1882,142
ID1883,508
ID1884,340
ID1885,603
ID1886,1008
ID1887,520
ID1888,240
ID1889,573
ID1890,624
ID1891,836
ID1892,430
ID1893,493
ID1894,222
ID1895,280
ID1896,628
ID1897,529
ID1898,597.9
ID1899,793
ID1900,140
ID1901,321
ID1902,240
ID1903,252
ID1904,336
ID1905,436.2
ID1906,535
ID1907,412
ID1908,766
ID1909,400
ID1910,138
ID1911,519
ID1912,620
ID1913,786
ID1914,168
ID1915,168
ID1916,616
ID1917,338
ID1918,866
ID1919,535
ID1920,363
ID1921,213
ID1922,240
ID1923,336
ID1924,718
ID1925,602
ID1926,649
ID1927,948
ID1928,350
ID1929,648
ID1930,420
ID1931,328
ID1932,120
ID1933,504
ID1934,262
ID1935,320
ID1936,579
ID1937,820
ID1938,670
ID1939,338
ID1940,718
ID1941,578
ID1942,510
ID1943,506
ID1944,454
ID1945,808
ID1946,189
ID1947,739
ID1948,309
ID1949,561
ID1950,591
ID1951,664
ID1952,390
ID1953,454
ID1954,273
ID1955,610
ID1956,546
ID1957,370
ID1958,594
ID1959,380
ID1960,490.5
ID1961,320
ID1962,294
ID1963,168
ID1964,770
ID1965,576
ID1966,589
ID1967,94
ID1968,504
ID1969,41.5
ID1970,568
ID1971,659
ID1972,110
ID1973,505
ID1974,460.66
ID1975,333
ID1976,483
ID1977,1379
ID1978,336
ID1979,749
ID1980,284
ID1981,504
ID1982,638
ID1983,791
ID1984,1120
ID1985,436
ID1986,711
ID1987,794
ID1988,336
ID1989,200
ID1990,819
ID1991,689
ID1992,761
ID1993,954
ID1994,456
ID1995,474
ID1996,252
ID1997,596
ID1998,890
ID1999,84
ID2000,322
ID2001,1039
ID2002,796
ID2003,331
ID2004,474
ID2005,1086
ID2006,371
ID2007,658
ID2008,558
ID2009,161
ID2010,336
ID2011,146
ID2012,574
ID2013,627
ID2014,575
ID2015,626
ID2016,36
ID2017,508
ID2018,614
ID2019,441
ID2020,438
ID2021,132
ID2022,519
ID2023,555
ID2024,321
ID2025,294
ID2026,406
ID2027,866
ID2028,220
ID2029,532
ID2030,630
ID2031,462
ID2032,653
ID2033,332
ID2034,561
ID2035,344
ID2036,882
ID2037,1116
ID2038,506
ID2039,430
ID2040,504
ID2041,958
ID2042,566
ID2043,679
ID2044,238
ID2045,390
ID2046,828
ID2047,561
ID2048,430
ID2049,920
ID2050,504
ID2051,332
ID2052,322
ID2053,621
ID2054,736
ID2055,318
ID2056,504
ID2057,518
ID2058,492
ID2059,1062
ID2060,964
ID2061,633
ID2062,538
ID2063,550
ID2064,614
ID2065,530
ID2066,371
ID2067,535
ID2068,1508
ID2069,448
ID2070,480
ID2071,276
ID2072,20
ID2073,396
ID2074,258
ID2075,399
ID2076,556
ID2077,504
ID2078,350
ID2079,330
ID2080,784
ID2081,771
ID2082,812
ID2083,948
ID2084,676
ID2085,736
ID2086,774
ID2087,336
ID2088,532
ID2089,448
ID2090,1008
ID2091,1082
ID2092,588
ID2093,630
ID2094,737
ID2095,658
ID2096,556
ID2097,1082
ID2098,0
ID2099,585
ID2100,644
ID2101,1332
ID2102,357
ID2103,945
ID2104,403
ID2105,291
ID2106,624
ID2107,210
ID2108,391
ID2109,361
ID2110,766
ID2111,198
ID2112,695
ID2113,1359
ID2114,438
ID2115,794
ID2116,480
ID2117,1021
ID2118,1104
ID2119,468
ID2120,168
ID2121,636
ID2122,1098.142
ID2123,579
ID2124,1
ID2125,789
ID2126,378
ID2127,32
ID2128,61
ID2129,606
ID2130,406
ID2131,620
ID2132,932
ID2133,318
ID2134,390
ID2135,228
ID2136,58
ID2137,838
ID2138,681
ID2139,266
ID2140,572
ID2141,456
ID2142,252
ID2143,612
ID2144,617
ID2145,50
ID2146,335
ID2147,168
ID2148,744
ID2149,193
ID2150,480
ID2151,454
ID2152,525
ID2153,358
ID2154,426
ID2155,480
ID2156,249.3
ID2157,1399
ID2158,823
ID2159,336
ID2160,288
ID2161,400
ID2162,336
ID2163,695
ID2164,806
ID2165,578
ID2166,350
ID2167,356
ID2168,699
ID2169,712
ID2170,316
ID2171,96
ID2172,1027
ID2173,355
ID2174,571
ID2175,336
ID2176,281
ID2177,448
ID2178,401
ID2179,1169
ID2180,497
ID2181,801
ID2182,168
ID2183,456
ID2184,336
ID2185,436
ID2186,1344
ID2187,272
ID2188,308
ID2189,840
ID2190,466
ID2191,15
ID2192,165
ID2193,513.5
ID2194,336
ID2195,517
ID2196,403
ID2197,576
ID2198,636
ID2199,412
ID2200,350
ID2201,760
ID2202,336
ID2203,364.5
ID2204,539.4
ID2205,1176
ID2206,0
ID2207,636
ID2208,486
ID2209,734
ID2210,322
ID2211,888
ID2212,329
ID2213,663
ID2214,900
ID2215,584
ID2216,336
ID2217,396
ID2218,516
ID2219,569
ID2220,911
ID2221,431
ID2222,68
ID2223,264
ID2224,225
ID2225,168
ID2226,563
ID2227,581
ID2228,639
ID2229,456
ID2230,492
ID2231,1151
ID2232,396
ID2233,478.5
ID2234,672
ID2235,214
ID2236,353
ID2237,679
ID2238,168
ID2239,406
ID2240,311
ID2241,290
ID2242,876
ID2243,576
ID2244,800
ID2245,434
ID2246,719
ID2247,368
ID2248,759
ID2249,789
ID2250,654
ID2251,1046
ID2252,336
ID2253,912
ID2254,554
ID2255,168
ID2256,252
ID2257,1
ID2258,598
ID2259,470
ID2260,550
ID2261,108
ID2262,501
ID2263,604
ID2264,624
ID2265,418
ID2266,746
ID2267,294
ID2268,588
ID2269,926
ID2270,554
ID2271,70
ID2272,350
ID2273,1143
ID2274,390
ID2275,625
ID2276,696
ID2277,459
ID2278,920
ID2279,60
ID2280,809
ID2281,573
ID2282,300
ID2283,733
ID2284,490
ID2285,1350
ID2286,862
ID2287,706
ID2288,672
ID2289,721
ID2290,336
ID2291,511
ID2292,27
ID2293,364
ID2294,336
ID2295,380
ID2296,168
ID2297,252
ID2298,530
ID2299,630
ID2300,293
ID2301,828
ID2302,952
ID2303,496
ID2304,528
ID2305,782
ID2306,433
ID2307,852
ID2308,150
ID2309,310
ID2310,658
ID2311,404
ID2312,459
ID2313,654
ID2314,323
ID2315,586
ID2316,210
ID2317,244
ID2318,453
ID2319,882
ID2320,312
ID2321,560
ID2322,336
ID2323,668
ID2324,718
ID2325,96
ID2326,589
ID2327,168
ID2328,405
ID2329,756
ID2330,560
ID2331,49
ID2332,767.3
ID2333,168
ID2334,399
ID2335,742
ID2336,193
ID2337,441
ID2338,871
ID2339,1072
ID2340,549
ID2341,1781
ID2342,168
ID2343,337
ID2344,552
ID2345,392
ID2346,607
ID2347,522
ID2348,503
ID2349,402
ID2350,510
ID2351,635
ID2352,333
ID2353,144
ID2354,308
ID2355,908
ID2356,216
ID2357,736
ID2358,310
ID2359,304
ID2360,648
ID2361,735
ID2362,248
ID2363,942
ID2364,168
ID2365,401
ID2366,10
ID2367,1030
ID2368,342
ID2369,1024
ID2370,900
ID2371,316
ID2372,1162
ID2373,710
ID2374,668
ID2375,398
ID2376,920
ID2377,1092
ID2378,928
ID2379,334
ID2380,610
ID2381,764
ID2382,588
ID2383,336
ID2384,160
ID2385,120
ID2386,584
ID2387,778
ID2388,552
ID2389,756
ID2390,252
ID2391,612
ID2392,436
ID2393,534
ID2394,926
ID2395,422
ID2396,988
ID2397,456
ID2398,528
ID2399,305
ID2400,446
ID2401,740
ID2402,168
ID2403,792
ID2404,564
ID2405,1008
ID2406,588
ID2407,560
ID2408,84
ID2409,588
ID2410,420
ID2411,508
ID2412,955
ID2413,295
ID2414,910
ID2415,600
ID2416,582
ID2417,328
ID2418,308
ID2419,660
ID2420,603
ID2421,840
ID2422,665
ID2423,168
ID2424,486
ID2425,200
ID2426,80
ID2427,638
ID2428,828
ID2429,480
ID2430,676.168
ID2431,470
ID2432,541
ID2433,541
ID2434,436
ID2435,195
ID2436,264
ID2437,731
ID2438,900
ID2439,312
ID2440,417
ID2441,600
ID2442,321
ID2443,236
ID2444,168
ID2445,876
ID2446,480
ID2447,432
ID2448,336
ID2449,350
ID2450,518
ID2451,240
ID2452,804
ID2453,184
ID2454,420
ID2455,420
ID2456,374
ID2457,264
ID2458,305
ID2459,352
ID2460,409
ID2461,336
ID2462,797
ID2463,91
ID2464,542.5
ID2465,372
ID2466,252
ID2467,168
ID2468,525
ID2469,434
ID2470,318
ID2471,400
ID2472,286
ID2473,407
ID2474,512
ID2475,308
ID2476,1611
ID2477,588
ID2478,852
ID2479,40
ID2480,322
ID2481,318
ID2482,342
ID2483,336
ID2484,204
ID2485,310
ID2486,488
ID2487,527
ID2488,436
ID2489,358
ID2490,570
ID2491,309
ID2492,461
ID2493,354
ID2494,328
ID2495,100
ID2496,917
ID2497,319
ID2498,476
ID2499,118
ID2500,768
ID2501,228
ID2502,336
ID2503,532
ID2504,635
ID2505,368
ID2506,427
ID2507,371
ID2508,206
ID2509,504
ID2510,570
ID2511,318
ID2512,515
ID2513,290
ID2514,583
ID2515,468
ID2516,428
ID2517,138
ID2518,840
ID2519,672
ID2520,780
ID2521,672
ID2522,840
ID2523,600
ID2524,736
ID2525,504
ID2526,421
ID2527,273
ID2528,878
ID2529,108
ID2530,568
ID2531,573
ID2532,644
ID2533,612
ID2534,820
ID2535,514
ID2536,323
ID2537,298
ID2538,1037
ID2539,594
ID2540,422
ID2541,964
ID2542,165
ID2543,72
ID2544,198
ID2545,328
ID2546,356
ID2547,762
ID2548,608
ID2549,290
ID2550,550
ID2551,573
ID2552,424
ID2553,714.5
ID2554,734.33
ID2555,825
ID2556,77
ID2557,500
ID2558,500
ID2559,214
ID2560,224
ID2561,279
ID2562,1243
ID2563,540
ID2564,380
ID2565,584
ID2566,96
ID2567,1048
ID2568,1004
ID2569,594
ID2570,356
ID2571,896
ID2572,708
ID2573,756
ID2574,208
ID2575,84
ID2576,72
ID2577,681
ID2578,504
ID2579,426
ID2580,308
ID2581,754
ID2582,180
ID2583,834
ID2584,436
ID2585,406
ID2586,336
ID2587,535
ID2588,988
ID2589,130
ID2590,688
ID2591,462
ID2592,336
ID2593,637
ID2594,372
ID2595,168
ID2596,336
ID2597,336
ID2598,520
ID2599,496
ID2600,752
ID2601,448
ID2602,504
ID2603,292
ID2604,336
ID2605,448
ID2606,576
ID2607,785
ID2608,626
ID2609,504
ID2610,1058
ID2611,446
ID2612,336
ID2613,966
ID2614,344
ID2615,416
ID2616,776
ID2617,750
ID2618,632
ID2619,254
ID2620,330
ID2621,450
ID2622,876
ID2623,756
ID2624,712
ID2625,456
ID2626,388
ID2627,373.5
ID2628,397
ID2629,631
ID2630,878
ID2631,475
ID2632,910
ID2633,606
ID2634,767
ID2635,478
ID2636,335
ID2637,624
ID2638,168
ID2639,444
ID2640,574
ID2641,280
ID2642,1013
ID2643,642
ID2644,336
ID2645,699
ID2646,282
ID2647,536
ID2648,676
ID2649,222
ID2650,409
ID2651,368
ID2652,288
ID2653,948
ID2654,345
ID2655,312
ID2656,485
ID2657,100
ID2658,323
ID2659,168
ID2660,105
ID2661,120
ID2662,204
ID2663,1008
ID2664,308
ID2665,0
ID2666,441
ID2667,504
ID2668,348
ID2669,779
ID2670,778
ID2671,278
ID2672,890
ID2673,733
ID2674,539
ID2675,392
ID2676,168
ID2677,401.5
ID2678,1003
ID2679,490
ID2680,462
ID2681,414
ID2682,646
ID2683,478
ID2684,369
ID2685,840
ID2686,566
ID2687,124
ID2688,203
ID2689,308
ID2690,616
ID2691,362
ID2692,526
ID2693,453
ID2694,168
ID2695,1072
ID2696,225
ID2697,609
ID2698,834
ID2699,260
ID2700,70
ID2701,615
ID2702,336
ID2703,504
ID2704,480
ID2705,298
ID2706,140
ID2707,316
ID2708,825
ID2709,504
ID2710,1347
ID2711,362.5
ID2712,275
ID2713,438
ID2714,1495
ID2715,854
ID2716,518
ID2717,790
ID2718,513
ID2719,259
ID2720,105
ID2721,744
ID2722,238
ID2723,168
ID2724,525
ID2725,659
ID2726,812
ID2727,290
ID2728,380
ID2729,1008
ID2730,252
ID2731,336
ID2732,868
ID2733,312
ID2734,480
ID2735,236
ID2736,288
ID2737,769
ID2738,602
ID2739,448
ID2740,460
ID2741,369
ID2742,712
ID2743,266
ID2744,572
ID2745,541
ID2746,812
ID2747,600
ID2748,560
ID2749,458
ID2750,300
ID2751,336
ID2752,590
ID2753,330
ID2754,711
ID2755,416
ID2756,413
ID2757,190
ID2758,336
ID2759,252
ID2760,288
ID2761,762
ID2762,688
ID2763,512
ID2764,160
ID2765,644
ID2766,323
ID2767,585
ID2768,354
ID2769,315
ID2770,462
ID2771,418.5
ID2772,640
ID2773,336
ID2774,402
ID2775,890
ID2776,552
ID2777,250
ID2778,465
ID2779,558
ID2780,733
ID2781,524
ID2782,780
ID2783,540.3
ID2784,427
ID2785,594
ID2786,241
ID2787,326
ID2788,617
ID2789,291
ID2790,287
ID2791,320
ID2792,428
ID2793,360
ID2794,411
ID2795,608
ID2796,48
ID2797,548
ID2798,565
ID2799,618
ID2800,462
ID2801,516
ID2802,280
ID2803,445.5
ID2804,205
ID2805,681
ID2806,698.75
ID2807,534.83
ID2808,504
ID2809,597
ID2810,552
ID2811,658
ID2812,762
ID2813,244
ID2814,478
ID2815,663
ID2816,483
ID2817,647.5
ID2818,518
ID2819,360
ID2820,214
ID2821,70
ID2822,567
ID2823,168
ID2824,675
ID2825,238
ID2826,837
ID2827,504
ID2828,72
ID2829,154
ID2830,674
ID2831,484
ID2832,176
ID2833,511
ID2834,709.5
ID2835,443
ID2836,158
ID2837,468
ID2838,306
ID2839,548
ID2840,636
ID2841,249
ID2842,960
ID2843,281
ID2844,472
ID2845,1068
ID2846,346.5
ID2847,168
ID2848,464
ID2849,336
ID2850,780
ID2851,330
ID2852,432
ID2853,420
ID2854,852
ID2855,812
ID2856,567
ID2857,192
ID2858,937
ID2859,474
ID2860,488
ID2861,303
ID2862,804
ID2863,430.67
ID2864,730
ID2865,500
ID2866,1088
ID2867,388
ID2868,390
ID2869,525
ID2870,165
ID2871,336
ID2872,515
ID2873,450
ID2874,473
ID2875,489
ID2876,411
ID2877,454
ID2878,620
ID2879,404
ID2880,1479
ID2881,739.5
ID2882,688.25
ID2883,356.5
ID2884,168
ID2885,24
ID2886,489
ID2887,336
ID2888,728
ID2889,511
ID2890,620
ID2891,366
ID2892,578
ID2893,595
ID2894,287
ID2895,820.7
ID2896,920
ID2897,478
ID2898,549
ID2899,168
ID2900,344.75
ID2901,313
ID2902,636
ID2903,820
ID2904,516
ID2905,154
ID2906,712
ID2907,703
ID2908,552
ID2909,252
ID2910,550.75
ID2911,360
ID2912,452
ID2913,522
ID2914,268
ID2915,288
ID2916,448
ID2917,336
ID2918,460
ID2919,746
ID2920,336
ID2921,180
ID2922,803
ID2923,504
ID2924,665
ID2925,325
ID2926,310
ID2927,465
ID2928,427
ID2929,336
ID2930,566.5
ID2931,279
ID2932,72
ID2933,120
ID2934,334
ID2935,109
ID2936,177
ID2937,520
ID2938,630
ID2939,390
ID2940,830
ID2941,504
ID2942,432
ID2943,190
ID2944,206
ID2945,533
ID2946,475
ID2947,1
ID2948,674
ID2949,986
ID2950,704
ID2951,360
ID2952,680
ID2953,470
ID2954,330
ID2955,540
ID2956,401
ID2957,598
ID2958,762
ID2959,512
ID2960,312
ID2961,487
ID2962,672
ID2963,326
ID2964,650
ID2965,674
ID2966,864.3
ID2967,278
ID2968,579
ID2969,192
ID2970,448
ID2971,519
ID2972,609
ID2973,432
ID2974,336
ID2975,613
ID2976,655
ID2977,511
ID2978,493
ID2979,446
ID2980,320
ID2981,230
ID2982,500
ID2983,445
ID2984,278
ID2985,504
ID2986,328
ID2987,622
ID2988,926
ID2989,373
ID2990,593
ID2991,274.5
ID2992,167
ID2993,404
ID2994,717
ID2995,840
ID2996,558
ID2997,358
ID2998,328
ID2999,381
ID3000,266
ID3001,288
ID3002,94
ID3003,391
ID3004,814
ID3005,301
ID3006,625
ID3007,544
ID3008,355
ID3009,0
ID3010,428
ID3011,550
ID3012,1151
ID3013,1311
ID3014,1190
ID3015,685
ID3016,320
ID3017,264
ID3018,638
ID3019,490
ID3020,964
ID3021,252
ID3022,343
ID3023,453
ID3024,281
ID3025,799
ID3026,315
ID3027,418
ID3028,269
ID3029,465
ID3030,346.75
ID3031,526
ID3032,492
ID3033,308
ID3034,497
ID3035,333
ID3036,345
ID3037,581
ID3038,680
ID3039,208
ID3040,568
ID3041,866
ID3042,490
ID3043,390
ID3044,755
ID3045,521.5
ID3046,860
ID3047,440.5
ID3048,483
ID3049,636
ID3050,847
ID3051,540
ID3052,526
ID3053,360
ID3054,442
ID3055,256
ID3056,529
ID3057,439
ID3058,814
ID3059,621
ID3060,598
ID3061,166
ID3062,506
ID3063,728
ID3064,716
ID3065,375
ID3066,560
ID3067,743
ID3068,504
ID3069,720
ID3070,692
ID3071,451
ID3072,365
ID3073,248
ID3074,745
ID3075,336
ID3076,854
ID3077,384
ID3078,639
ID3079,454
ID3080,707
ID3081,112
ID3082,698
ID3083,336
ID3084,286
ID3085,350
ID3086,672
ID3087,318
ID3088,217
ID3089,336
ID3090,574
ID3091,436
ID3092,362
ID3093,398
ID3094,427
ID3095,449
ID3096,378
ID3097,652
ID3098,291.75
ID3099,292
ID3100,164
ID3101,548
ID3102,357
ID3103,730
ID3104,730.5
ID3105,922
ID3106,464
ID3107,773.75
ID3108,372
ID3109,420
ID3110,112
ID3111,314
ID3112,386
ID3113,888
ID3114,504
ID3115,485
ID3116,442
ID3117,354
ID3118,584
ID3119,168
ID3120,731
ID3121,210
ID3122,45
ID3123,407
ID3124,392
ID3125,252
ID3126,208
ID3127,449
ID3128,336
ID3129,400
ID3130,577
ID3131,334
ID3132,661
ID3133,0
ID3134,528
ID3135,259
ID3136,240
ID3137,408
ID3138,296
ID3139,672
ID3140,296
ID3141,150
ID3142,110
ID3143,108
ID3144,420
ID3145,430
ID3146,265
ID3147,496
ID3148,412
ID3149,658
ID3150,591
ID3151,378
ID3152,177
ID3153,336
ID3154,454
ID3155,572
ID3156,697
ID3157,336
ID3158,685
ID3159,298
ID3160,245
ID3161,96
ID3162,329
ID3163,394
ID3164,429
ID3165,416
ID3166,672
ID3167,408
ID3168,484
ID3169,588
ID3170,362
ID3171,663
ID3172,522
ID3173,571
ID3174,42
ID3175,454
ID3176,161
ID3177,958
ID3178,332
ID3179,262
ID3180,592
ID3181,264
ID3182,717
ID3183,252
ID3184,336
ID3185,614
ID3186,552
ID3187,435
ID3188,587
ID3189,504
ID3190,42
ID3191,713
ID3192,1130
ID3193,168
ID3194,262
ID3195,504
ID3196,333
ID3197,218
ID3198,739
ID3199,560
ID3200,168
ID3201,972
ID3202,398
ID3203,444
ID3204,753
ID3205,325
ID3206,699
ID3207,330
ID3208,352
ID3209,7
ID3210,470
ID3211,430
ID3212,530
ID3213,355
ID3214,561
ID3215,400
ID3216,806
ID3217,646
ID3218,730
ID3219,419
ID3220,541
ID3221,725
ID3222,444
ID3223,615
ID3224,620.5
ID3225,147
ID3226,48
ID3227,639
ID3228,388
ID3229,780
ID3230,416
ID3231,318
ID3232,630
ID3233,557
ID3234,298
ID3235,258
ID3236,370
ID3237,294
ID3238,316
ID3239,515.5
ID3240,880
ID3241,268
ID3242,498
ID3243,758
ID3244,701.25
ID3245,336
ID3246,748
ID3247,608
ID3248,648
ID3249,453
ID3250,106
ID3251,871.5
ID3252,617
ID3253,542
ID3254,562.5
ID3255,845
ID3256,168
ID3257,420
ID3258,646
ID3259,413
ID3260,211
ID3261,920.5
ID3262,501
ID3263,731
ID3264,0
ID3265,252
ID3266,762
ID3267,637
ID3268,158
ID3269,321
ID3270,252
ID3271,432
ID3272,252
ID3273,672
ID3274,308
ID3275,370
ID3276,504
ID3277,472
ID3278,292
ID3279,652
ID3280,240
ID3281,254
ID3282,458
ID3283,474
ID3284,662
ID3285,320
ID3286,704
ID3287,400
ID3288,522
ID3289,469
ID3290,497
ID3291,460
ID3292,140
ID3293,404
ID3294,668
ID3295,90
ID3296,376
ID3297,168
ID3298,372
ID3299,502
ID3300,84
ID3301,637
ID3302,132
ID3303,251
ID3304,126
ID3305,350
ID3306,294
ID3307,418
ID3308,450
ID3309,418
ID3310,336
ID3311,326
ID3312,570
ID3313,380
ID3314,728
ID3315,450
ID3316,300
ID3317,246
ID3318,296
ID3319,494
ID3320,406
ID3321,496
ID3322,154
ID3323,331
ID3324,388
ID3325,690
ID3326,401
ID3327,252
ID3328,192
ID3329,468
ID3330,368
ID3331,468
ID3332,368
ID3333,496
ID3334,452
ID3335,24
ID3336,527
ID3337,252
ID3338,544
ID3339,648
ID3340,278
ID3341,439
ID3342,696
ID3343,326
ID3344,552
ID3345,240
ID3346,504
ID3347,406
ID3348,620
ID3349,475
ID3350,522
ID3351,370
ID3352,320
ID3353,368
ID3354,250
ID3355,88
ID3356,310
ID3357,320
ID3358,687
ID3359,582
ID3360,449
ID3361,536
ID3362,888
ID3363,786
ID3364,537
ID3365,240
ID3366,644
ID3367,547
ID3368,598
ID3369,588
ID3370,336
ID3371,742
ID3372,331
ID3373,181
ID3374,120
ID3375,605
ID3376,1120.7
ID3377,192.5
ID3378,344
ID3379,559
ID3380,360
ID3381,624
ID3382,504
ID3383,476
ID3384,296
ID3385,756
ID3386,504
ID3387,394
ID3388,967
ID3389,320
ID3390,466.3
ID3391,658
ID3392,574
ID3393,360
ID3394,336
ID3395,672
ID3396,252
ID3397,876
ID3398,912
ID3399,680
ID3400,566
ID3401,468
ID3402,472
ID3403,583
ID3404,507
ID3405,594
ID3406,550
ID3407,311
ID3408,1023
ID3409,262.5
ID3410,46
ID3411,286
ID3412,336
ID3413,888
ID3414,210
ID3415,552
ID3416,381
ID3417,400.5
ID3418,168
ID3419,995
ID3420,783
ID3421,774
ID3422,407
ID3423,642
ID3424,555
ID3425,628
ID3426,639
ID3427,793
ID3428,210
ID3429,476
ID3430,538
ID3431,694
ID3432,481
ID3433,516
ID3434,804.5
ID3435,225
ID3436,420
ID3437,590
ID3438,1965
ID3439,368
ID3440,720
ID3441,787
ID3442,358
ID3443,672
ID3444,367
ID3445,418
ID3446,332
ID3447,153
ID3448,168
ID3449,1153
ID3450,774
ID3451,0
ID3452,687
ID3453,322.2
ID3454,571
ID3455,199
ID3456,589
ID3457,942
ID3458,405
ID3459,606
ID3460,420
ID3461,456
ID3462,397
ID3463,602
ID3464,189
ID3465,564
ID3466,464
ID3467,904
ID3468,770.6
ID3469,259
ID3470,551.5
ID3471,582
ID3472,261
ID3473,514
ID3474,165
ID3475,558
ID3476,378.5
ID3477,258
ID3478,507.5
ID3479,548
ID3480,488
ID3481,362
ID3482,805
ID3483,410
ID3484,318
ID3485,390
ID3486,638.3
ID3487,585
ID3488,432
ID3489,132
ID3490,336
ID3491,765
ID3492,586
ID3493,300
ID3494,586
ID3495,1240
ID3496,168
ID3497,386
ID3498,464
ID3499,410
ID3500,854
ID3501,160
ID3502,1260
ID3503,430
ID3504,692
ID3505,336
ID3506,842
ID3507,354
ID3508,445
ID3509,604
ID3510,672
ID3511,23
ID3512,889
ID3513,493
ID3514,165.9
ID3515,336
ID3516,508
ID3517,632
ID3518,552
ID3519,1075
ID3520,495
ID3521,436
ID3522,440
ID3523,238
ID3524,336
ID3525,336
ID3526,427
ID3527,343
ID3528,522
ID3529,628
ID3530,547
ID3531,168
ID3532,572
ID3533,463
ID3534,144
ID3535,428
ID3536,288
ID3537,537
ID3538,502
ID3539,637
ID3540,570
ID3541,820
ID3542,498
ID3543,298
ID3544,555
ID3545,483
ID3546,472
ID3547,464
ID3548,482
ID3549,188
ID3550,382
ID3551,694
ID3552,636
ID3553,336
ID3554,620
ID3555,546
ID3556,494
ID3557,308
ID3558,448
ID3559,270
ID3560,160
ID3561,750
ID3562,456
ID3563,420
ID3564,624
ID3565,168
ID3566,2
ID3567,667
ID3568,630
ID3569,190
ID3570,668
ID3571,622
ID3572,737
ID3573,742
ID3574,697.5
ID3575,256.5
ID3576,459
ID3577,420
ID3578,719
ID3579,406
ID3580,614
ID3581,566
ID3582,370
ID3583,650
ID3584,432
ID3585,504
ID3586,534
ID3587,663
ID3588,453
ID3589,336
ID3590,478
ID3591,989
ID3592,292
ID3593,498
ID3594,693
ID3595,336
ID3596,400
ID3597,506
ID3598,872
ID3599,306
ID3600,252
ID3601,784
ID3602,496
ID3603,302
ID3604,216
ID3605,368
ID3606,364
ID3607,336
ID3608,438
ID3609,140
ID3610,1054
ID3611,641
ID3612,336
ID3613,684
ID3614,448
ID3615,420
ID3616,168
ID3617,724
ID3618,155
ID3619,400
ID3620,343
ID3621,456
ID3622,336
ID3623,720
ID3624,422
ID3625,545
ID3626,322
ID3627,312
ID3628,204
ID3629,680
ID3630,278
ID3631,480
ID3632,468
ID3633,456
ID3634,336
ID3635,648
ID3636,414
ID3637,349
ID3638,488
ID3639,436
ID3640,387
ID3641,100
ID3642,140
ID3643,748
ID3644,273
ID3645,466
ID3646,922
ID3647,756
ID3648,968
ID3649,296
ID3650,164
ID3651,580
ID3652,573
ID3653,386
ID3654,243
ID3655,542
ID3656,336
ID3657,353
ID3658,384
ID3659,603
ID3660,466
ID3661,486
ID3662,737
ID3663,578
ID3664,328
ID3665,663
ID3666,444
ID3667,738
ID3668,240
ID3669,664
ID3670,460.5
ID3671,312
ID3672,491.5
ID3673,566.5
ID3674,375.75
ID3675,162
ID3676,315
ID3677,336
ID3678,328
ID3679,336
ID3680,269
ID3681,553
ID3682,757
ID3683,504
ID3684,411
ID3685,461
ID3686,499
ID3687,722
ID3688,430
ID3689,504
ID3690,336
ID3691,744
ID3692,794
ID3693,533
ID3694,144
ID3695,547
ID3696,490
ID3697,817
ID3698,536
ID3699,855
ID3700,687
ID3701,446
ID3702,794
ID3703,483
ID3704,564
ID3705,200
ID3706,270
ID3707,238
ID3708,336
ID3709,696
ID3710,486
ID3711,124
ID3712,399.5
ID3713,276
ID3714,712
ID3715,541
ID3716,656
ID3717,48
ID3718,336
ID3719,84
ID3720,336
ID3721,132
ID3722,539
ID3723,168
ID3724,50
ID3725,444
ID3726,542
ID3727,586
ID3728,874
ID3729,403
ID3730,520
ID3731,268
ID3732,171
ID3733,336
ID3734,446
ID3735,456
ID3736,546
ID3737,654
ID3738,811
ID3739,476
ID3740,308
ID3741,258
ID3742,504
ID3743,396
ID3744,622
ID3745,525
ID3746,398
ID3747,592
ID3748,360
ID3749,327.5
ID3750,413.25
ID3751,507
ID3752,228
ID3753,340
ID3754,240
ID3755,312
ID3756,301
ID3757,496
ID3758,368
ID3759,266
ID3760,562
ID3761,268
ID3762,408
ID3763,336
ID3764,528
ID3765,494
ID3766,428
ID3767,420
ID3768,571
ID3769,168
ID3770,494
ID3771,48.25
ID3772,461.5
ID3773,322
ID3774,255
ID3775,631
ID3776,389
ID3777,552
ID3778,244
ID3779,164
ID3780,249
ID3781,287
ID3782,379
ID3783,848
ID3784,660
ID3785,532
ID3786,516
ID3787,402
ID3788,228
ID3789,0
ID3790,624
ID3791,263
ID3792,561
ID3793,566
ID3794,312
ID3795,286
ID3796,343
ID3797,427
ID3798,150
ID3799,446
ID3800,672
ID3801,240
ID3802,708
ID3803,296
ID3804,681
ID3805,504
ID3806,688
ID3807,609
ID3808,574
ID3809,504
ID3810,486
ID3811,452
ID3812,231
ID3813,525
ID3814,506
ID3815,634
ID3816,0
ID3817,723.5
ID3818,599
ID3819,746.5
ID3820,336
ID3821,865.82
ID3822,448
ID3823,432
ID3824,132
ID3825,726
ID3826,544
ID3827,632
ID3828,238
ID3829,350
ID3830,251
ID3831,351
ID3832,388
ID3833,608
ID3834,419
ID3835,24
ID3836,338
ID3837,336
ID3838,987
ID3839,594
ID3840,489
ID3841,441
ID3842,728
ID3843,488
ID3844,679.5
ID3845,475
ID3846,696
ID3847,596
ID3848,452
ID3849,245
ID3850,138
ID3851,332
ID3852,853
ID3853,461
ID3854,790
ID3855,340
ID3856,457
ID3857,35
ID3858,789
ID3859,250
ID3860,403
ID3861,168
ID3862,270
ID3863,333
ID3864,110
ID3865,652
ID3866,1019
ID3867,482
ID3868,1210.5
ID3869,582
ID3870,1074
ID3871,708
ID3872,304
ID3873,336
ID3874,684
ID3875,456
ID3876,56
ID3877,774
ID3878,778
ID3879,1008
ID3880,672
ID3881,623
ID3882,228
ID3883,563
ID3884,540
ID3885,8
ID3886,938
ID3887,462
ID3888,793
ID3889,548
ID3890,954
ID3891,828
ID3892,706
ID3893,336
ID3894,171
ID3895,433
ID3896,0
ID3897,742
ID3898,433
ID3899,433
ID3900,377
ID3901,364
ID3902,336
ID3903,598
ID3904,451
ID3905,606
ID3906,539
ID3907,512
ID3908,734
ID3909,702
ID3910,459
ID3911,417
ID3912,478
ID3913,980
ID3914,366
ID3915,580
ID3916,317
ID3917,503
ID3918,663
ID3919,24
ID3920,264
ID3921,548
ID3922,165
ID3923,309
ID3924,484
ID3925,1135
ID3926,1389
ID3927,968
ID3928,364
ID3929,877.8
ID3930,623
ID3931,673
ID3932,750
ID3933,355
ID3934,786
ID3935,336
ID3936,304
ID3937,377
ID3938,514
ID3939,260
ID3940,606
ID3941,171
ID3942,432
ID3943,581.5
ID3944,336
ID3945,360
ID3946,216
ID3947,912
ID3948,504
ID3949,504
ID3950,612
ID3951,787
ID3952,360
ID3953,388
ID3954,440
ID3955,622
ID3956,551
ID3957,840
ID3958,606
ID3959,318
ID3960,336
ID3961,336
ID3962,316
ID3963,1176
ID3964,302
ID3965,543
ID3966,493
ID3967,74
ID3968,1072
ID3969,310
ID3970,664
ID3971,476
ID3972,544
ID3973,570
ID3974,424
ID3975,336
ID3976,340
ID3977,752
ID3978,426
ID3979,450
ID3980,590
ID3981,475
ID3982,521
ID3983,549
ID3984,596
ID3985,220
ID3986,564
ID3987,476
ID3988,540
ID3989,676
ID3990,563
ID3991,711.5
ID3992,344
ID3993,496
ID3994,412
ID3995,385
ID3996,672
ID3997,520
ID3998,276
ID3999,168
ID4000,922
ID4001,596
ID4002,751
ID4003,427
ID4004,364
ID4005,1001
ID4006,167
ID4007,567
ID4008,660
ID4009,318
ID4010,482
ID4011,780
ID4012,635
ID4013,642
ID4014,84
ID4015,147
ID4016,399
ID4017,550
ID4018,504
ID4019,472
ID4020,336
ID4021,1087
ID4022,492
ID4023,408
ID4024,652
ID4025,481
ID4026,602
ID4027,320
ID4028,466
ID4029,238
ID4030,484.5
ID4031,664
ID4032,726
ID4033,1277
ID4034,238
ID4035,532
ID4036,162
ID4037,451
ID4038,736
ID4039,611
ID4040,443
ID4041,328
ID4042,248
ID4043,50
ID4044,168
ID4045,164
ID4046,384
ID4047,333
ID4048,1190
ID4049,655.25
ID4050,632
ID4051,849
ID4052,679
ID4053,690
ID4054,825
ID4055,441
ID4056,372
ID4057,309
ID4058,821
ID4059,515
ID4060,130
ID4061,238
ID4062,336
ID4063,384
