household_ID,SumOfAppliances
ID0001,98.0
ID0002,168.0
ID0003,226.51
ID0004,218.0
ID0005,391.5
ID0006,243.15
ID0007,170.83
ID0008,215.75
ID0009,35.33
ID0010,221.25
ID0011,168.58
ID0012,489.97
ID0013,185.0
ID0014,201.25
ID0015,213.48
ID0016,185.5
ID0017,77.0
ID0018,202.82
ID0019,176.75
ID0020,178.0
ID0021,58.45
ID0022,213.8
ID0023,33.5
ID0024,198.0
ID0025,190.0
ID0026,213.0
ID0027,171.0
ID0028,256.9
ID0029,188.7
ID0030,168.3
ID0031,1.0
ID0032,94.0
ID0033,207.0
ID0034,250.36
ID0035,23.0
ID0036,192.83
ID0037,27.25
ID0038,3.75
ID0039,209.025
ID0040,35.46
ID0041,201.05
ID0042,35.75
ID0043,291.565
ID0044,0.1
ID0045,182.25
ID0046,203.76
ID0047,4.0
ID0048,215.0
ID0049,176.4
ID0050,239.0
ID0051,28.33
ID0052,173.99
ID0053,191.75
ID0054,184.0
ID0055,193.67
ID0056,5.8
ID0057,199.75
ID0058,190.0
ID0059,221.85
ID0060,67.33
ID0061,136.5
ID0062,108.75
ID0063,175.5
ID0064,226.35
ID0065,16.65
ID0066,210.54
ID0067,168.05
ID0068,360.0
ID0069,193.86
ID0070,220.5
ID0071,188.16
ID0072,195.43
ID0073,197.726
ID0074,222.63
ID0075,202.55
ID0076,3.25
ID0077,169.91
ID0078,171.55
ID0079,263.5
ID0080,180.5
ID0081,229.0
ID0082,54.25
ID0083,186.15
ID0084,267.08
ID0085,192.9
ID0086,175.63
ID0087,201.3
ID0088,181.5
ID0089,220.75
ID0090,175.05
ID0091,141.93
ID0092,210.24
ID0093,265.75
ID0094,23.721
ID0095,206.5
ID0096,170.5
ID0097,242.3
ID0098,203.25
ID0099,0.0
ID0100,185.52
ID0101,77.25
ID0102,188.75
ID0103,187.96
ID0104,227.5
ID0105,281.5
ID0106,208.0
ID0107,216.25
ID0108,270.91
ID0109,360.83
ID0110,200.41
ID0111,187.0
ID0112,189.5
ID0113,185.3
ID0114,375.9
ID0115,212.5
ID0116,219.0
ID0117,182.25
ID0118,213.0
ID0119,1.66
ID0120,1.75
ID0121,78.0
ID0122,0.0
ID0123,187.5
ID0124,221.025
ID0125,181.7
ID0126,45.08
ID0127,188.98
ID0128,308.55
ID0129,212.41
ID0130,141.5
ID0131,8.55
ID0132,9.2
ID0133,92.75
ID0134,424.5
ID0135,178.55
ID0136,169.5
ID0137,5.1
ID0138,26.0
ID0139,176.25
ID0140,211.0
ID0141,57.0
ID0142,33.5
ID0143,135.16
ID0144,14.0
ID0145,153.0
ID0146,96.75
ID0147,245.41
ID0148,97.5
ID0149,243.49
ID0150,72.0
ID0151,191.0
ID0152,283.25
ID0153,119.0
ID0154,204.38
ID0155,272.5
ID0156,202.16
ID0157,36.0
ID0158,237.7
ID0159,183.75
ID0160,195.0
ID0161,94.0
ID0162,201.75
ID0163,208.25
ID0164,50.0
ID0165,231.0
ID0166,210.0
ID0167,256.5
ID0168,66.08
ID0169,255.75
ID0170,6.6
ID0171,200.25
ID0172,176.34
ID0173,171.75
ID0174,78.0
ID0175,186.0
ID0176,183.75
ID0177,471.5
ID0178,200.5
ID0179,177.91
ID0180,200.308
ID0181,256.0
ID0182,241.85
ID0183,235.5
ID0184,206.0
ID0185,195.93
ID0186,32.0
ID0187,112.0
ID0188,175.85
ID0189,251.0
ID0190,23.0
ID0191,172.0
ID0192,169.75
ID0193,216.5
ID0194,213.58
ID0195,189.5
ID0196,246.5
ID0197,177.83
ID0198,390.77
ID0199,174.5
ID0200,179.58
ID0201,429.0
ID0202,7.0
ID0203,107.5
ID0204,227.75
ID0205,205.33
ID0206,207.66
ID0207,198.0
ID0208,272.0
ID0209,177.0
ID0210,419.83
ID0211,210.0
ID0212,169.5
ID0213,4.0
ID0214,198.5
ID0215,175.5
ID0216,172.75
ID0217,365.5
ID0218,15.75
ID0219,266.0
ID0220,194.08
ID0221,284.25
ID0222,211.0
ID0223,178.9
ID0224,28.5
ID0225,213.56
ID0226,252.05
ID0227,100.25
ID0228,190.0
ID0229,4.5
ID0230,207.13
ID0231,202.83
ID0232,259.5
ID0233,48.0
ID0234,336.94
ID0235,215.8
ID0236,87.0
ID0237,258.5
ID0238,220.0
ID0239,175.16
ID0240,7.25
ID0241,200.0
ID0242,9.0
ID0243,3.0
ID0244,22.0
ID0245,184.25
ID0246,295.91
ID0247,341.5
ID0248,171.157
ID0249,171.5
ID0250,249.5
ID0251,254.47
ID0252,7.0
ID0253,39.0
ID0254,200.46
ID0255,387.16
ID0256,252.91
ID0257,247.0
ID0258,356.86
ID0259,215.5
ID0260,180.0
ID0261,224.5
ID0262,10.66
ID0263,197.5
ID0264,466.0
ID0265,236.75
ID0266,185.0
ID0267,4.0
ID0268,179.0
ID0269,253.37
ID0270,463.33
ID0271,225.7
ID0272,269.5
ID0273,173.3
ID0274,296.87
ID0275,194.55
ID0276,268.0
ID0277,173.15
ID0278,184.25
ID0279,35.0
ID0280,205.5
ID0281,189.0
ID0282,247.05
ID0283,174.5
ID0284,170.75
ID0285,157.65
ID0286,20.25
ID0287,124.0
ID0288,248.0
ID0289,211.58
ID0290,171.83
ID0291,170.0
ID0292,0.0
ID0293,10.5
ID0294,187.24
ID0295,201.05
ID0296,436.0
ID0297,224.06
ID0298,71.8
ID0299,181.25
ID0300,1.5
ID0301,253.0
ID0302,204.68
ID0303,30.0
ID0304,195.0
ID0305,205.0
ID0306,183.45
ID0307,173.5
ID0308,151.0
ID0309,203.5
ID0310,14.0
ID0311,206.5
ID0312,7.0
ID0313,185.23
ID0314,214.35
ID0315,189.75
ID0316,199.5
ID0317,169.0
ID0318,201.15
ID0319,99.0
ID0320,168.0
ID0321,192.8
ID0322,225.0
ID0323,193.45
ID0324,8.0
ID0325,202.25
ID0326,234.423
ID0327,191.05
ID0329,180.0
ID0330,6.33
ID0331,191.025
ID0332,127.66
ID0333,89.0
ID0334,383.08
ID0335,177.66
ID0336,60.5
ID0337,217.75
ID0338,221.87
ID0339,79.08
ID0340,195.65
ID0341,214.0
ID0342,188.28
ID0343,174.1
ID0344,14.0
ID0345,189.6
ID0346,269.66
ID0347,1.5
ID0348,180.43
ID0349,221.0
ID0350,23.0
ID0351,24.05
ID0352,240.23
ID0353,250.16
ID0354,3.275
ID0355,119.75
ID0356,347.35
ID0357,139.25
ID0358,190.0
ID0359,251.5
ID0360,69.5
ID0361,17.5
ID0362,2.0
ID0363,241.5
ID0364,185.5
ID0365,55.5
ID0366,315.41
ID0367,160.0
ID0368,249.55
ID0369,178.0
ID0370,532.25
ID0371,352.21
ID0372,278.12
ID0373,183.75
ID0374,121.75
ID0375,198.75
ID0376,185.34
ID0377,70.25
ID0378,398.39
ID0379,191.75
ID0380,196.0
ID0381,290.0
ID0382,230.0
ID0383,170.8
ID0384,238.0
ID0385,189.41
ID0386,31.6
ID0387,196.5
ID0388,198.73
ID0389,168.5
ID0390,16.0
ID0391,178.14
ID0392,396.91
ID0393,247.0
ID0394,204.75
ID0395,333.0
ID0396,195.0
ID0397,181.5
ID0398,197.25
ID0399,259.85
ID0400,2.08
ID0401,455.58
ID0402,32.1
ID0403,186.525
ID0404,270.75
ID0405,215.0
ID0406,474.9
ID0407,25.5
ID0408,168.0
ID0409,216.25
ID0410,4.0
ID0411,186.0
ID0413,198.0
ID0414,204.83
ID0415,223.25
ID0416,474.5
ID0417,300.85
ID0418,208.658
ID0419,213.5
ID0420,172.5
ID0421,230.75
ID0422,178.75
ID0423,111.0
ID0424,141.8
ID0425,174.0
ID0426,169.25
ID0427,153.0
ID0428,207.06
ID0429,220.5
ID0430,227.5
ID0431,15.0
ID0432,168.25
ID0433,141.0
ID0434,22.0
ID0435,174.41
ID0436,3.0
ID0437,35.0
ID0438,7.0
ID0439,242.5
ID0440,213.62
ID0441,169.0
ID0442,1.0
ID0443,210.5
ID0444,229.0
ID0445,205.0
ID0446,252.75
ID0447,204.0
ID0448,188.0
ID0449,169.75
ID0450,226.0
ID0451,256.25
ID0452,195.0
ID0453,207.25
ID0454,187.0
ID0455,171.8
ID0456,199.35
ID0457,185.75
ID0458,187.1
ID0459,75.5
ID0461,371.0
ID0462,0.5
ID0463,39.5
ID0464,233.25
ID0465,258.41
ID0466,206.0
ID0467,191.0
ID0468,221.5
ID0469,66.83
ID0470,219.0
ID0471,190.0
ID0472,373.5
ID0473,26.0
ID0474,213.33
ID0475,187.33
ID0476,191.91
ID0477,173.1
ID0478,170.75
ID0479,119.5
ID0480,208.25
ID0481,4.0
ID0483,204.5
ID0484,16.0
ID0485,270.0
ID0486,217.25
ID0487,300.63
ID0488,171.56
ID0489,251.04
ID0490,217.81
ID0491,198.58
ID0492,24.75
ID0493,174.0
ID0494,210.1
ID0495,259.56
ID0496,186.0
ID0497,88.5
ID0498,2.75
ID0499,220.5
ID0500,192.31
ID0501,195.773
ID0502,16.0
ID0503,199.6
ID0504,205.5
ID0505,24.08
ID0506,216.75
ID0507,205.0
ID0508,129.92
ID0509,176.75
ID0510,185.16
ID0511,166.66
ID0512,189.0
ID0513,2.0
ID0514,278.32
ID0515,195.0
ID0516,226.94
ID0517,313.1
ID0518,323.5
ID0519,187.5
ID0520,107.75
ID0521,3.25
ID0522,199.75
ID0523,4.0
ID0524,196.25
ID0525,180.25
ID0526,187.16
ID0527,241.7
ID0528,194.12
ID0529,118.0
ID0530,232.1
ID0531,289.79
ID0532,9.0
ID0533,215.75
ID0534,176.0
ID0535,178.1
ID0536,211.5
ID0537,242.5
ID0538,243.0
ID0539,268.25
ID0540,0.25
ID0541,239.66
ID0542,178.0
ID0543,212.85
ID0544,181.813
ID0545,255.95
ID0546,369.5
ID0547,215.575
ID0548,175.0
ID0549,201.5
ID0550,298.74
ID0551,183.57
ID0552,28.81
ID0553,220.1
ID0554,358.52
ID0555,207.05
ID0556,0.0
ID0557,189.81
ID0558,218.146
ID0559,243.0
ID0560,240.0
ID0561,260.3
ID0562,0.0
ID0563,199.62
ID0564,282.75
ID0565,177.0
ID0566,158.31
ID0567,171.5
ID0568,383.25
ID0569,196.5
ID0570,267.56
ID0571,173.25
ID0572,214.0
ID0573,258.25
ID0574,242.75
ID0575,5.5
ID0576,218.45
ID0577,257.8
ID0578,232.0
ID0579,200.75
ID0580,205.14
ID0581,102.5
ID0582,2.75
ID0583,0.0
ID0584,169.0
ID0585,196.83
ID0586,253.525
ID0587,94.7
ID0588,179.46
ID0589,210.35
ID0590,443.33
ID0591,200.0
ID0592,244.0
ID0593,35.0
ID0594,35.0
ID0595,163.75
ID0596,199.32
ID0597,217.0
ID0598,13.3
ID0599,22.0
ID0600,175.57
ID0601,185.5
ID0602,182.0
ID0603,3.0
ID0604,184.5
ID0605,102.75
ID0606,168.0
ID0607,192.0
ID0608,171.75
ID0609,224.25
ID0610,239.35
ID0611,182.36
ID0612,230.2
ID0613,289.5
ID0614,166.0
ID0615,198.5
ID0616,2.0
ID0617,35.0
ID0618,278.82
ID0619,168.66
ID0620,169.75
ID0621,247.33
ID0622,179.3
ID0623,177.25
ID0624,178.08
ID0625,493.15
ID0626,292.0
ID0627,207.0
ID0628,169.6
ID0629,206.55
ID0630,283.1
ID0631,533.0
ID0632,170.0
ID0633,257.15
ID0634,167.25
ID0635,172.25
ID0636,172.08
ID0637,184.5
ID0638,216.0
ID0639,0.0
ID0640,174.5
ID0641,216.5
ID0642,26.25
ID0643,185.3
ID0644,28.5
ID0645,171.24
ID0646,213.83
ID0647,22.0
ID0648,136.25
ID0649,190.58
ID0650,0.0
ID0651,3.75
ID0652,172.5
ID0653,95.25
ID0654,273.5
ID0655,35.99
ID0656,176.66
ID0657,170.45
ID0658,187.57
ID0659,206.8
ID0660,24.25
ID0661,188.53
ID0662,173.0
ID0663,168.0
ID0664,226.81
ID0665,9.25
ID0666,271.08
ID0667,29.5
ID0668,220.88
ID0669,178.55
ID0670,84.0
ID0671,498.5
ID0672,212.86
ID0673,11.75
ID0674,38.1
ID0675,205.05
ID0676,209.0
ID0677,21.0
ID0678,288.5
ID0679,200.1
ID0680,201.25
ID0681,178.82
ID0682,173.5
ID0683,78.0
ID0684,183.06
ID0685,186.56
ID0686,261.5
ID0687,162.23
ID0688,3.5
ID0689,180.0
ID0690,169.0
ID0691,77.525
ID0692,187.0
ID0693,246.5
ID0694,200.75
ID0695,37.25
ID0696,208.05
ID0697,1.066
ID0698,207.07
ID0699,113.0
ID0700,173.0
ID0701,305.0
ID0702,75.0
ID0703,11.5
ID0704,184.0
ID0705,0.33
ID0706,61.413
ID0707,190.12
ID0708,197.5
ID0709,271.51
ID0710,186.47
ID0711,257.06
ID0712,29.3
ID0713,360.8
ID0714,233.12
ID0715,113.0
ID0716,208.0
ID0717,191.0
ID0718,7.0
ID0719,181.5
ID0720,119.0
ID0721,173.0
ID0722,4.0
ID0723,196.25
ID0724,0.25
ID0725,140.0
ID0726,195.56
ID0727,2.0
ID0728,174.0
ID0729,198.0
ID0731,42.5
ID0732,417.5
ID0733,416.83
ID0734,202.94
ID0736,237.56
ID0737,0.0
ID0738,220.95
ID0739,14.75
ID0740,187.83
ID0741,270.25
ID0742,168.25
ID0743,197.99
ID0744,174.25
ID0745,213.0
ID0746,206.75
ID0747,274.7
ID0748,223.46
ID0749,76.25
ID0750,192.0
ID0751,197.14
ID0752,234.0
ID0753,199.75
ID0754,169.91
ID0755,168.75
ID0756,172.4
ID0757,183.33
ID0758,190.0
ID0759,18.5
ID0761,234.0
ID0762,212.5
ID0763,240.35
ID0764,169.0
ID0765,177.66
ID0766,192.0
ID0767,173.66
ID0768,257.25
ID0769,285.4
ID0770,181.5
ID0771,193.06
ID0772,541.5
ID0773,188.06
ID0774,186.64
ID0775,219.05
ID0776,17.0
ID0777,251.7
ID0778,145.33
ID0779,174.39
ID0780,222.07
ID0781,128.6
ID0782,218.5
ID0783,15.25
ID0784,6.0
ID0785,203.83
ID0786,201.33
ID0787,207.83
ID0788,180.0
ID0789,192.11
ID0790,21.0
ID0791,201.15
ID0792,7.25
ID0793,94.4
ID0794,4.0
ID0795,0.5
ID0796,202.75
ID0797,507.35
ID0798,518.235
ID0799,211.525
ID0800,218.75
ID0801,25.3
ID0802,213.5
ID0803,395.07
ID0804,186.75
ID0805,5.25
ID0806,197.69
ID0807,173.5
ID0808,71.5
ID0809,191.0
ID0811,214.8
ID0812,83.08
ID0813,124.5
ID0814,213.5
ID0815,212.3
ID0816,240.91
ID0817,90.5
ID0818,90.0
ID0819,245.25
ID0820,215.06
ID0821,6.5
ID0822,274.0
ID0823,245.92
ID0824,252.5
ID0825,180.66
ID0826,231.55
ID0827,183.5
ID0828,209.0
ID0829,158.58
ID0830,348.1
ID0831,172.0
ID0832,244.5
ID0833,226.33
ID0834,237.75
ID0835,39.0
ID0836,182.14
ID0837,203.33
ID0838,209.75
ID0839,206.5
ID0840,215.8
ID0841,569.1
ID0842,169.5
ID0843,216.79
ID0844,210.32
ID0845,189.66
ID0846,222.81
ID0847,184.5
ID0848,7.05
ID0849,423.75
ID0850,237.57
ID0851,194.0
ID0852,201.62
ID0853,205.91
ID0854,2.41
ID0855,173.65
ID0856,199.15
ID0857,286.25
ID0858,184.7
ID0859,176.83
ID0860,225.25
ID0861,8.25
ID0862,193.0
ID0863,168.5
ID0864,37.5
ID0865,201.58
ID0866,200.55
ID0867,95.0
ID0868,549.25
ID0869,46.25
ID0870,238.41
ID0871,171.91
ID0872,196.0
ID0873,157.91
ID0874,63.56
ID0875,178.9
ID0876,14.25
ID0877,206.25
ID0878,176.71
ID0879,190.25
ID0880,376.5
ID0881,38.0
ID0882,259.25
ID0883,75.0
ID0884,201.0
ID0885,38.5
ID0886,315.75
ID0887,191.5
ID0888,230.0
ID0889,204.18
ID0890,203.0
ID0891,73.0
ID0892,262.35
ID0893,227.16
ID0894,224.25
ID0895,263.25
ID0896,28.5
ID0897,498.75
ID0898,43.33
ID0899,279.2
ID0900,185.0
ID0901,3.0
ID0902,204.0
ID0903,0.0
ID0904,208.75
ID0905,183.0
ID0906,106.58
ID0907,225.3
ID0908,217.25
ID0909,201.5
ID0910,188.0
ID0911,197.0
ID0912,183.5
ID0913,182.0
ID0914,14.0
ID0915,1.0
ID0916,183.25
ID0917,206.5
ID0918,67.0
ID0919,175.25
ID0920,62.3
ID0921,149.0
ID0922,196.3
ID0923,342.31
ID0924,197.0
ID0925,180.25
ID0927,261.5
ID0928,6.5
ID0929,43.75
ID0930,87.75
ID0931,200.965
ID0932,171.83
ID0933,1.0
ID0934,207.0
ID0935,211.62
ID0936,209.89
ID0937,226.85
ID0938,202.31
ID0939,231.0
ID0940,231.55
ID0941,1.25
ID0942,199.0
ID0943,62.0
ID0944,15.5
ID0945,298.355
ID0946,219.0
ID0947,119.05
ID0948,104.0
ID0949,100.77
ID0950,2.0
ID0951,235.9
ID0952,236.02
ID0953,171.75
ID0954,135.0
ID0955,138.65
ID0956,270.58
ID0957,198.3
ID0958,227.5
ID0959,218.75
ID0960,0.66
ID0961,218.58
ID0962,187.83
ID0963,157.0
ID0964,177.25
ID0965,185.05
ID0966,203.25
ID0967,22.17
ID0968,173.12
ID0969,199.0
ID0970,2.25
ID0971,190.0
ID0972,248.9
ID0973,65.73
ID0974,164.5
ID0975,181.5
ID0976,285.55
ID0977,203.0
ID0978,120.45
ID0979,263.56
ID0980,212.25
ID0981,195.0
ID0982,221.0
ID0983,260.795
ID0984,196.25
ID0985,178.5
ID0986,280.16
ID0987,231.25
ID0988,191.5
ID0989,27.0
ID0990,213.31
ID0991,22.0
ID0993,195.11
ID0994,176.65
ID0995,1.5
ID0996,214.62
ID0997,173.5
ID0998,196.75
ID0999,154.25
ID1000,172.3
ID1001,172.81
ID1002,182.25
ID1003,211.5
ID1004,193.5
ID1005,185.75
ID1006,189.62
ID1007,172.25
ID1008,179.16
ID1009,210.75
ID1010,59.25
ID1011,18.5
ID1012,25.5
ID1013,228.0
ID1014,4.63
ID1015,24.1
ID1016,130.26
ID1017,246.75
ID1018,20.25
ID1019,199.0
ID1020,205.0
ID1021,176.25
ID1022,25.14
ID1023,224.58
ID1024,164.83
ID1025,306.36
ID1026,191.25
ID1027,209.75
ID1028,245.185
ID1030,309.0
ID1031,172.49
ID1032,170.83
ID1033,183.25
ID1034,265.99
ID1035,20.0
ID1036,211.867
ID1037,173.5
ID1038,267.75
ID1039,184.0
ID1040,103.83
ID1041,56.0
ID1042,242.12
ID1043,214.5
ID1044,288.47
ID1046,11.0
ID1047,202.0
ID1048,212.25
ID1049,215.55
ID1050,206.025
ID1051,209.65
ID1052,225.33
ID1053,176.2
ID1054,294.99
ID1055,201.0
ID1056,28.0
ID1057,229.0
ID1058,179.41
ID1059,120.33
ID1060,28.0
ID1061,175.75
ID1062,219.3
ID1063,50.0
ID1064,5.0
ID1065,240.45
ID1066,174.5
ID1067,206.89
ID1068,182.9
ID1069,213.63
ID1070,51.5
ID1071,155.25
ID1072,160.0
ID1073,186.0
ID1074,183.0
ID1075,245.0
ID1076,175.6
ID1077,222.55
ID1078,3.0
ID1079,245.0
ID1080,180.41
ID1081,342.81
ID1082,18.07
ID1083,193.16
ID1084,168.0
ID1085,186.6
ID1086,172.74
ID1087,170.5
ID1088,255.0
ID1089,173.0
ID1090,47.0
ID1091,348.0
ID1092,213.42
ID1093,110.33
ID1094,606.91
ID1095,205.0
ID1096,78.3
ID1097,196.25
ID1098,30.75
ID1099,0.5
ID1100,251.0
ID1101,243.15
ID1102,275.97
ID1103,207.62
ID1104,188.31
ID1105,200.0
ID1106,204.0
ID1107,27.6
ID1108,84.0
ID1109,0.25
ID1110,259.27
ID1111,195.35
ID1112,237.43
ID1113,29.5
ID1114,235.5
ID1115,238.5
ID1116,37.5
ID1117,216.25
ID1118,149.0
ID1119,169.75
ID1120,24.5
ID1121,43.0
ID1122,198.0
ID1123,174.25
ID1124,245.91
ID1125,300.5
ID1126,194.0
ID1127,210.0
ID1128,297.1
ID1130,157.17
ID1131,177.0
ID1132,564.593
ID1133,189.83
ID1134,211.4
ID1135,175.58
ID1136,183.5
ID1137,12.0
ID1138,141.33
ID1139,217.83
ID1140,202.75
ID1141,107.66
ID1142,216.46
ID1143,201.0
ID1144,177.0
ID1145,177.66
ID1146,222.35
ID1147,171.325
ID1148,179.7
ID1149,173.0
ID1150,179.2
ID1151,269.2
ID1152,183.0
ID1153,168.8
ID1154,14.83
ID1155,0.5
ID1156,430.7
ID1157,176.14
ID1158,84.0
ID1159,241.0
ID1160,230.0
ID1161,251.75
ID1162,205.0
ID1163,198.5
ID1164,225.25
ID1165,568.73
ID1166,176.25
ID1167,67.0
ID1168,199.0
ID1169,107.69
ID1170,21.0
ID1171,197.75
ID1172,14.0
ID1173,183.5
ID1174,192.5
ID1175,381.65
ID1176,374.5
ID1177,172.058
ID1178,192.0
ID1179,1.16
ID1180,153.38
ID1181,1.8
ID1182,181.5
ID1183,240.5
ID1184,200.71
ID1185,170.92
ID1186,33.06
ID1187,244.483
ID1188,169.27
ID1189,186.99
ID1190,213.0
ID1191,216.23
ID1192,215.017
ID1193,199.75
ID1194,218.0
ID1195,168.0
ID1196,199.25
ID1197,224.85
ID1198,23.5
ID1199,234.7
ID1200,207.83
ID1201,194.5
ID1202,197.0
ID1203,311.25
ID1204,199.3
ID1205,0.25
ID1206,97.25
ID1207,211.25
ID1208,7.0
ID1209,1.0
ID1210,22.5
ID1211,307.25
ID1212,350.5
ID1213,184.41
ID1214,239.33
ID1215,261.25
ID1216,201.0
ID1217,179.3
ID1218,2.0
ID1219,174.75
ID1220,168.75
ID1221,176.0
ID1222,135.48
ID1223,217.75
ID1224,235.0
ID1225,244.465
ID1226,40.0
ID1227,175.31
ID1228,176.0
ID1229,215.35
ID1230,212.0
ID1231,233.5
ID1232,190.308
ID1233,103.75
ID1234,188.74
ID1235,174.32
ID1236,191.75
ID1237,182.58
ID1238,218.5
ID1239,21.5
ID1240,225.0
ID1241,193.5
ID1242,1.0
ID1243,172.25
ID1244,198.4
ID1245,85.0
ID1246,206.96
ID1247,190.16
ID1248,184.0
ID1249,468.27
ID1250,78.16
ID1251,196.88
ID1252,13.83
ID1253,90.98
ID1254,198.11
ID1255,182.89
ID1256,253.0
ID1257,210.75
ID1258,271.08
ID1259,151.0
ID1260,224.0
ID1261,208.13
ID1262,307.42
ID1263,194.58
ID1264,174.5
ID1265,185.32
ID1266,44.0
ID1267,206.0
ID1268,172.0
ID1269,127.0
ID1270,88.5
ID1271,358.95
ID1272,146.25
ID1273,288.05
ID1274,210.0
ID1275,1.7
ID1276,210.0
ID1277,238.25
ID1278,211.0
ID1279,199.3
ID1280,127.5
ID1281,228.25
ID1282,363.0
ID1283,173.25
ID1284,235.2
ID1285,14.0
ID1286,202.075
ID1287,317.02
ID1288,189.0
ID1289,185.75
ID1290,196.49
ID1291,130.3
ID1292,245.13
ID1293,171.0
ID1294,295.0
ID1295,28.0
ID1296,212.97
ID1297,4.5
ID1298,81.0
ID1299,198.0
ID1300,208.033
ID1301,213.95
ID1302,221.0
ID1303,140.0
ID1304,170.25
ID1305,201.0
ID1306,103.5
ID1307,259.5
ID1309,40.0
ID1310,171.0
ID1311,8.0
ID1312,178.5
ID1313,71.0
ID1314,247.0
ID1315,185.83
ID1316,228.6
ID1317,70.66
ID1318,9.0
ID1319,169.58
ID1320,193.33
ID1321,233.75
ID1322,178.0
ID1323,408.88
ID1324,72.0
ID1325,177.0
ID1326,87.3
ID1327,167.33
ID1328,224.56
ID1329,232.5
ID1330,175.25
ID1331,28.75
ID1332,43.0
ID1333,148.15
ID1334,199.89
ID1335,191.0
ID1336,300.0
ID1337,188.75
ID1338,199.93
ID1339,115.0
ID1340,13.25
ID1341,12.0
ID1342,239.15
ID1343,89.0
ID1344,190.5
ID1345,186.0
ID1346,180.6
ID1347,179.315
ID1348,20.0
ID1349,229.5
ID1350,98.0
ID1351,197.825
ID1352,169.0
ID1353,220.5
ID1354,178.63
ID1355,130.05
ID1356,233.0
ID1357,217.6
ID1358,170.99
ID1359,186.0
ID1360,161.0
ID1361,45.25
ID1362,298.67
ID1363,199.97
ID1364,178.16
ID1365,51.0
ID1366,161.0
ID1367,198.5
ID1368,201.0
ID1369,199.56
ID1370,364.71
ID1371,94.8
ID1372,183.75
ID1373,96.75
ID1374,253.5
ID1375,211.0
ID1376,210.5
ID1377,204.9
ID1378,218.16
ID1379,203.99
ID1380,94.0
ID1381,205.62
ID1382,183.25
ID1383,203.25
ID1384,220.5
ID1385,204.0
ID1386,21.0
ID1387,203.0
ID1388,258.35
ID1389,203.9
ID1390,16.75
ID1391,123.5
ID1392,217.0
ID1393,442.0
ID1394,197.0
ID1395,235.5
ID1396,51.1
ID1397,260.0
ID1398,211.5
ID1399,301.25
ID1400,218.75
ID1401,22.0
ID1402,63.5
ID1403,1.0
ID1404,199.0
ID1405,270.0
ID1406,187.0
ID1407,194.25
ID1408,221.35
ID1409,159.0
ID1410,247.25
ID1411,241.5
ID1412,17.83
ID1413,199.08
ID1414,265.16
ID1415,199.06
ID1416,20.0
ID1417,179.75
ID1418,256.25
ID1419,64.5
ID1420,221.57
ID1421,242.0
ID1422,2.421
ID1423,151.0
ID1424,152.75
ID1425,257.75
ID1426,169.33
ID1427,144.58
ID1428,0.12
ID1429,205.4
ID1430,190.5
ID1431,3.0
ID1432,188.42
ID1433,197.25
ID1434,22.0
ID1435,195.55
ID1436,198.0
ID1437,189.0
ID1438,75.35
ID1439,17.45
ID1440,176.33
ID1441,255.75
ID1442,3.0
ID1443,162.0
ID1444,172.75
ID1445,4.58
ID1446,0.35
ID1447,15.35
ID1448,180.25
ID1449,154.75
ID1450,2.33
ID1451,42.83
ID1452,193.0
ID1453,212.75
ID1454,254.75
ID1455,209.0
ID1456,14.5
ID1457,168.33
ID1458,278.56
ID1459,191.32
ID1460,22.0
ID1461,185.91
ID1462,176.08
ID1464,200.5
ID1465,195.75
ID1466,169.25
ID1467,17.0
ID1468,183.0
ID1469,379.0
ID1470,172.58
ID1471,225.45
ID1472,221.58
ID1473,190.925
ID1474,212.38
ID1475,117.0
ID1476,61.0
ID1477,177.6
ID1478,369.98
ID1479,185.75
ID1480,249.36
ID1481,198.0
ID1482,216.1
ID1483,179.0
ID1484,194.5
ID1485,16.91
ID1486,178.81
ID1487,212.0
ID1488,168.64
ID1489,240.25
ID1490,179.65
ID1491,260.25
ID1492,157.66
ID1493,205.58
ID1494,223.66
ID1495,22.0
ID1496,488.0
ID1497,185.0
ID1498,227.25
ID1499,173.5
ID1500,5.5
ID1502,29.33
ID1503,206.0
ID1504,168.25
ID1506,172.5
ID1507,158.25
ID1508,212.5
ID1509,168.25
ID1510,221.25
ID1511,203.25
ID1512,228.83
ID1513,15.66
ID1514,219.25
ID1516,195.75
ID1517,190.66
ID1518,147.66
ID1519,217.75
ID1520,205.7
ID1521,565.25
ID1522,15.25
ID1523,217.62
ID1524,137.25
ID1525,192.13
ID1526,218.0
ID1527,189.5
ID1528,24.0
ID1529,192.65
ID1530,252.5
ID1531,191.3
ID1532,221.31
ID1533,21.0
ID1534,42.2
ID1535,214.0
ID1536,204.16
ID1537,201.5
ID1538,190.0
ID1539,176.25
ID1540,179.5
ID1541,285.0
ID1542,5.45
ID1543,183.25
ID1544,8.0
ID1545,208.32
ID1546,202.5
ID1547,184.55
ID1548,5.0
ID1549,197.0
ID1550,197.08
ID1551,190.0
ID1552,191.43
ID1553,0.75
ID1554,180.41
ID1555,245.25
ID1556,84.0
ID1557,191.5
ID1558,208.25
ID1559,202.45
ID1560,198.5
ID1561,14.0
ID1562,254.4
ID1563,233.25
ID1564,181.5
ID1565,190.66
ID1567,191.12
ID1568,2.0
ID1569,186.24
ID1570,175.41
ID1571,197.25
ID1572,3.2
ID1573,356.33
ID1574,14.33
ID1575,218.0
ID1576,229.25
ID1577,1.0
ID1578,216.58
ID1579,204.0
ID1580,206.6
ID1581,196.06
ID1582,1.0
ID1583,190.75
ID1584,6.0
ID1585,221.0
ID1586,214.25
ID1587,4.25
ID1588,207.0
ID1589,177.25
ID1590,190.0
ID1591,187.0
ID1592,202.4
ID1593,244.5
ID1594,191.0
ID1595,32.41
ID1596,204.0
ID1597,188.25
ID1598,189.2
ID1599,227.1
ID1600,145.0
ID1601,157.1
ID1602,236.62
ID1603,253.5
ID1604,270.75
ID1605,189.08
ID1606,258.0
ID1607,212.75
ID1608,203.0
ID1609,207.525
ID1610,245.75
ID1611,161.0
ID1612,43.0
ID1613,248.55
ID1614,270.66
ID1615,404.0
ID1616,180.83
ID1617,75.0
ID1618,275.0
ID1619,250.5
ID1620,206.0
ID1621,258.31
ID1622,275.0
ID1623,174.25
ID1624,193.0
ID1625,30.0
ID1626,219.75
ID1627,186.5
ID1628,174.75
ID1629,199.0
ID1630,201.12
ID1631,189.0
ID1632,206.91
ID1633,171.25
ID1634,89.0
ID1635,30.06
ID1636,201.75
ID1637,183.0
ID1638,1.5
ID1639,8.37
ID1640,1.0
ID1641,213.75
ID1642,452.76
ID1643,198.45
ID1644,17.5
ID1645,177.9
ID1646,266.75
ID1647,172.5
ID1648,57.25
ID1649,320.33
ID1650,230.86
ID1651,197.33
ID1652,200.25
ID1653,233.75
ID1654,2.5
ID1655,259.0
ID1656,59.8
ID1657,194.58
ID1658,407.33
ID1659,51.0
ID1660,191.0
ID1661,182.49
ID1662,205.0
ID1663,184.0
ID1664,213.0
ID1665,199.05
ID1666,202.25
ID1667,267.5
ID1668,7.0
ID1669,233.66
ID1670,39.0
ID1671,7.0
ID1672,195.85
ID1673,196.25
ID1674,111.0
ID1675,183.05
ID1676,181.55
ID1677,182.5
ID1678,219.0
ID1679,287.1
ID1680,181.13
ID1681,192.4
ID1682,184.0
ID1683,222.75
ID1684,368.0
ID1685,235.75
ID1686,208.25
ID1687,269.0
ID1688,6.5
ID1689,175.393
ID1690,160.0
ID1691,174.0
ID1692,1.0
ID1693,198.5
ID1694,226.5
ID1695,143.35
ID1696,34.71
ID1697,30.0
ID1698,203.41
ID1699,8.55
ID1700,364.75
ID1701,178.025
ID1702,280.5
ID1703,196.11
ID1704,199.75
ID1705,204.5
ID1706,86.25
ID1707,171.0
ID1708,192.5
ID1709,121.525
ID1710,174.05
ID1711,206.0
ID1712,105.66
ID1713,205.0
ID1714,179.75
ID1715,211.5
ID1716,193.0
ID1717,268.13
ID1718,407.25
ID1719,142.16
ID1720,173.0
ID1721,179.25
ID1722,262.0
ID1723,201.82
ID1724,10.25
ID1725,183.65
ID1726,219.6
ID1727,201.75
ID1728,189.75
ID1729,273.75
ID1730,248.41
ID1731,233.74
ID1732,278.0
ID1733,251.5
ID1734,204.1
ID1735,3.5
ID1736,232.0
ID1737,169.66
ID1738,224.83
ID1739,284.5
ID1740,31.3
ID1741,196.813
ID1742,183.1
ID1743,252.56
ID1744,263.33
ID1745,211.25
ID1746,214.08
ID1747,203.5
ID1748,197.0
ID1749,113.0
ID1750,215.575
ID1751,50.0
ID1752,223.0
ID1753,225.62
ID1754,215.25
ID1755,17.31
ID1756,1.5
ID1757,169.0
ID1758,202.5
ID1759,209.87
ID1760,189.75
ID1761,192.5
ID1762,408.7
ID1763,7.0
ID1764,365.35
ID1765,169.0
ID1766,20.07
ID1767,20.25
ID1768,320.0
ID1769,207.0
ID1770,207.33
ID1771,173.06
ID1772,207.5
ID1773,440.777
ID1774,197.5
ID1775,169.5
ID1776,4.66
ID1777,190.43
ID1778,190.0
ID1779,188.9
ID1780,188.5
ID1782,264.33
ID1783,262.5
ID1784,228.82
ID1785,177.0
ID1786,104.0
ID1787,245.5
ID1788,205.0
ID1789,189.86
ID1790,290.393
ID1791,191.07
ID1792,232.75
ID1794,269.25
ID1795,2.0
ID1796,216.5
ID1797,487.0
ID1798,198.53
ID1799,184.25
ID1800,33.5
ID1801,171.5
ID1802,203.5
ID1803,190.0
ID1804,81.75
ID1805,42.25
ID1806,208.5
ID1807,1.0
ID1808,72.48
ID1809,1.0
ID1810,203.83
ID1811,141.0
ID1812,1.0
ID1813,193.75
ID1814,100.75
ID1815,206.49
ID1816,253.94
ID1817,220.7
ID1818,221.66
ID1819,20.0
ID1820,135.5
ID1821,285.0
ID1822,183.9
ID1823,23.6
ID1824,51.0
ID1825,208.25
ID1826,285.0
ID1827,169.5
ID1828,195.75
ID1829,177.5
ID1830,50.25
ID1831,188.25
ID1832,178.5
ID1833,123.25
ID1834,222.75
ID1835,195.0
ID1836,221.3
ID1837,14.0
ID1838,209.5
ID1839,139.75
ID1840,180.0
ID1841,187.0
ID1842,261.75
ID1843,265.5
ID1844,171.0
ID1845,176.2
ID1846,197.0
ID1847,208.25
ID1848,173.5
ID1849,1.0
ID1850,191.0
ID1851,207.5
ID1852,209.5
ID1853,29.275
ID1854,177.7
ID1855,125.0
ID1856,126.25
ID1857,216.08
ID1858,210.083
ID1859,15.0
ID1860,85.66
ID1861,32.0
ID1862,224.75
ID1863,209.52
ID1864,211.25
ID1865,190.25
ID1866,105.0
ID1867,211.0
ID1868,214.03
ID1869,242.26
ID1870,40.98
ID1871,169.9
ID1872,50.0
ID1873,187.75
ID1874,170.4
ID1875,172.0
ID1876,4.75
ID1877,184.65
ID1878,53.33
ID1879,169.75
ID1880,218.9
ID1881,201.58
ID1882,1.0
ID1883,168.41
ID1884,218.0
ID1885,169.32
ID1886,149.24
ID1887,241.75
ID1888,228.3
ID1889,3.45
ID1890,215.75
ID1891,58.91
ID1892,190.08
ID1893,177.16
ID1894,171.75
ID1895,208.3
ID1896,267.21
ID1897,244.75
ID1898,2.3
ID1899,191.1
ID1900,0.0
ID1901,200.25
ID1902,208.85
ID1903,21.5
ID1904,50.25
ID1905,11.8
ID1906,241.16
ID1907,156.25
ID1908,197.0
ID1909,199.75
ID1910,183.66
ID1911,198.35
ID1912,179.25
ID1913,203.0
ID1914,207.0
ID1915,24.5
ID1916,258.6
ID1917,189.0
ID1918,182.0
ID1919,63.0
ID1920,169.35
ID1921,203.33
ID1922,180.0
ID1923,74.0
ID1924,174.78
ID1925,173.0
ID1926,303.28
ID1927,298.5
ID1928,168.25
ID1929,175.25
ID1930,0.66
ID1931,93.75
ID1932,185.3
ID1933,192.5
ID1934,168.25
ID1935,77.75
ID1936,157.33
ID1937,193.0
ID1938,288.0
ID1939,4.75
ID1940,32.25
ID1941,185.25
ID1942,214.58
ID1943,6.58
ID1944,199.5
ID1945,188.5
ID1946,11.5
ID1947,200.5
ID1948,298.16
ID1949,259.56
ID1950,424.0
ID1951,3.71
ID1952,48.16
ID1953,195.08
ID1954,173.0
ID1955,10.0
ID1956,414.85
ID1957,214.58
ID1958,234.81
ID1959,224.0
ID1960,173.0
ID1961,37.0
ID1962,165.08
ID1964,203.0
ID1965,218.35
ID1966,267.66
ID1967,30.0
ID1968,230.0
ID1969,203.5
ID1970,254.74
ID1971,216.62
ID1972,5.41
ID1973,201.49
ID1974,263.41
ID1975,168.25
ID1976,169.33
ID1977,70.0
ID1978,256.5
ID1979,212.25
ID1980,213.0
ID1981,224.25
ID1982,202.25
ID1983,78.0
ID1984,267.25
ID1985,218.75
ID1986,250.5
ID1987,220.36
ID1988,98.0
ID1989,210.5
ID1990,165.0
ID1991,60.5
ID1992,427.75
ID1993,429.5
ID1994,280.7
ID1995,123.12
ID1996,224.06
ID1997,248.5
ID1998,164.0
ID1999,159.75
ID2000,170.0
ID2001,269.55
ID2002,87.0
ID2004,179.0
ID2005,197.0
ID2006,176.0
ID2007,168.75
ID2008,227.025
ID2009,196.0
ID2010,181.0
ID2011,364.5
ID2012,171.25
ID2013,173.5
ID2014,197.2
ID2015,16.15
ID2016,2.0
ID2017,488.65
ID2018,42.0
ID2019,203.0
ID2020,201.83
ID2021,178.8
ID2022,126.75
ID2023,190.91
ID2024,12.28
ID2025,237.0
ID2026,221.5
ID2027,207.2
ID2028,158.85
ID2029,46.5
ID2030,177.8
ID2031,28.0
ID2032,239.0
ID2033,174.5
ID2034,46.5
ID2035,209.46
ID2036,176.62
ID2037,35.0
ID2038,281.25
ID2039,182.75
ID2040,205.0
ID2041,283.2
ID2042,234.95
ID2043,211.0
ID2044,61.0
ID2045,222.025
ID2046,20.0
ID2047,204.3
ID2048,204.25
ID2049,3.58
ID2050,2.0
ID2051,1.0
ID2052,17.5
ID2053,1.75
ID2054,192.5
ID2055,2.5
ID2056,201.58
ID2057,213.635
ID2058,271.0
ID2059,169.0
ID2060,196.5
ID2061,223.0
ID2062,7.33
ID2063,250.87
ID2064,184.25
ID2065,227.35
ID2066,182.25
ID2067,225.0
ID2068,44.0
ID2069,81.0
ID2070,172.0
ID2071,49.0
ID2072,172.58
ID2073,287.25
ID2074,213.0
ID2075,196.5
ID2076,399.29
ID2077,234.95
ID2078,194.58
ID2079,39.0
ID2080,241.0
ID2081,111.71
ID2082,255.66
ID2083,220.91
ID2084,201.16
ID2085,1.25
ID2086,1.0
ID2087,169.24
ID2088,208.5
ID2089,7.0
ID2090,116.5
ID2091,214.5
ID2092,212.75
ID2093,204.0
ID2094,242.25
ID2095,448.445
ID2096,220.41
ID2097,92.0
ID2098,1.0
ID2099,176.75
ID2100,23.5
ID2101,86.25
ID2102,169.25
ID2103,1.49
ID2104,198.0
ID2105,168.0
ID2106,245.33
ID2107,181.58
ID2108,128.6
ID2109,175.33
ID2110,188.0
ID2111,170.01
ID2112,221.83
ID2113,218.0
ID2114,204.15
ID2115,222.0
ID2116,72.41
ID2117,131.125
ID2118,212.08
ID2119,176.7
ID2121,126.29
ID2122,233.15
ID2123,170.2
ID2124,2.0
ID2125,118.0
ID2126,220.0
ID2127,15.0
ID2128,174.25
ID2129,268.97
ID2130,227.93
ID2131,232.66
ID2132,267.74
ID2133,207.99
ID2134,18.0
ID2135,28.0
ID2136,169.0
ID2137,181.0
ID2138,223.95
ID2139,179.3
ID2140,425.26
ID2141,237.0
ID2142,219.4
ID2143,263.24
ID2144,202.5
ID2146,190.66
ID2147,173.5
ID2148,190.0
ID2149,242.0
ID2150,307.0
ID2151,202.0
ID2152,215.75
ID2153,176.5
ID2154,1.0
ID2155,183.5
ID2156,174.58
ID2157,14.0
ID2158,4.0
ID2159,21.0
ID2160,213.5
ID2161,184.0
ID2162,0.0
ID2163,203.5
ID2164,89.0
ID2165,200.75
ID2166,218.0
ID2167,750.2
ID2168,111.47
ID2169,278.87
ID2170,71.58
ID2171,179.0
ID2172,3.0
ID2173,193.0
ID2174,142.16
ID2175,179.65
ID2176,175.16
ID2177,197.35
ID2178,179.55
ID2179,420.8
ID2180,191.0
ID2181,97.0
ID2182,34.0
ID2183,192.75
ID2184,185.75
ID2185,197.75
ID2186,177.0
ID2187,191.0
ID2188,10.0
ID2189,4.5
ID2191,4.0
ID2192,171.33
ID2193,184.75
ID2194,693.7
ID2195,238.0
ID2196,25.75
ID2197,4.1
ID2198,75.3
ID2199,74.33
ID2200,190.5
ID2201,200.33
ID2202,160.125
ID2203,17.21
ID2204,206.61
ID2205,89.91
ID2206,29.5
ID2207,251.25
ID2208,220.0
ID2209,252.4
ID2210,178.74
ID2211,208.0
ID2212,87.5
ID2213,7.25
ID2214,24.0
ID2215,51.25
ID2216,0.0
ID2217,173.0
ID2218,188.87
ID2219,10.38
ID2220,276.5
ID2221,393.25
ID2222,176.0
ID2223,358.833
ID2224,174.0
ID2225,195.83
ID2226,276.83
ID2227,174.16
ID2228,233.41
ID2229,276.23
ID2230,303.16
ID2231,224.0
ID2232,29.0
ID2233,202.75
ID2234,38.0
ID2235,190.0
ID2236,75.0
ID2237,218.3
ID2238,2.0
ID2239,301.5
ID2240,205.43
ID2241,50.0
ID2242,23.0
ID2243,198.5
ID2244,260.5
ID2245,97.58
ID2246,222.1
ID2247,200.25
ID2248,260.75
ID2249,172.8
ID2250,104.25
ID2251,248.0
ID2252,292.0
ID2253,81.6
ID2254,193.33
ID2255,169.25
ID2256,400.75
ID2257,270.0
ID2258,17.33
ID2259,106.25
ID2260,173.3
ID2261,214.0
ID2262,575.675
ID2263,193.0
ID2264,22.5
ID2265,151.5
ID2266,230.25
ID2267,11.0
ID2268,23.025
ID2269,183.2
ID2270,196.0
ID2271,199.0
ID2272,192.0
ID2273,207.3
ID2274,17.0
ID2275,243.16
ID2276,227.0
ID2277,267.375
ID2278,246.32
ID2279,175.7
ID2280,243.6
ID2281,1.0
ID2282,204.66
ID2283,19.91
ID2284,170.75
ID2285,201.58
ID2286,71.0
ID2287,137.5
ID2288,253.25
ID2289,1.0
ID2290,1.0
ID2291,224.5
ID2292,194.16
ID2293,9.0
ID2294,170.75
ID2295,201.0
ID2296,238.25
ID2297,29.5
ID2298,286.32
ID2299,42.25
ID2300,190.25
ID2301,251.0
ID2302,189.0
ID2303,14.25
ID2304,31.5
ID2305,44.0
ID2306,202.63
ID2307,259.82
ID2308,178.0
ID2309,189.25
ID2310,200.66
ID2311,181.493
ID2312,193.49
ID2313,242.5
ID2314,396.25
ID2315,0.83
ID2316,374.0
ID2317,226.4
ID2318,3.05
ID2319,57.25
ID2320,196.75
ID2321,189.0
ID2322,15.316
ID2323,291.28
ID2324,255.75
ID2326,172.0
ID2327,36.16
ID2328,217.49
ID2329,121.75
ID2330,221.41
ID2331,43.0
ID2332,257.37
ID2333,84.0
ID2334,264.0
ID2335,357.16
ID2336,2.5
ID2337,40.32
ID2338,279.75
ID2339,14.0
ID2340,6.5
ID2341,69.87
ID2342,189.6
ID2343,46.86
ID2344,178.66
ID2345,24.2
ID2346,178.0
ID2347,248.0
ID2348,230.5
ID2349,201.75
ID2350,516.0
ID2351,42.83
ID2352,28.0
ID2353,205.566
ID2354,208.25
ID2355,222.0
ID2356,213.5
ID2357,178.85
ID2358,222.0
ID2359,84.41
ID2360,197.3
ID2361,249.33
ID2362,196.83
ID2363,203.75
ID2364,15.0
ID2365,222.31
ID2366,173.15
ID2367,129.5
ID2368,268.25
ID2369,420.0
ID2370,36.0
ID2371,209.25
ID2372,212.0
ID2373,86.25
ID2374,36.25
ID2375,193.5
ID2376,187.5
ID2377,169.0
ID2378,0.0
ID2379,200.0
ID2380,24.16
ID2381,182.0
ID2382,205.85
ID2383,192.0
ID2384,241.25
ID2385,0.58
ID2386,4.0
ID2387,204.16
ID2388,179.33
ID2389,202.88
ID2390,63.25
ID2391,215.35
ID2392,67.75
ID2393,170.41
ID2394,172.0
ID2395,276.58
ID2396,93.83
ID2397,2.33
ID2398,207.0
ID2399,282.25
ID2400,48.0
ID2401,15.0
ID2402,244.0
ID2403,18.5
ID2404,203.0
ID2405,183.5
ID2406,138.0
ID2407,257.0
ID2408,195.0
ID2409,201.8
ID2410,257.0
ID2411,189.75
ID2412,76.0
ID2413,192.75
ID2414,197.0
ID2415,178.33
ID2416,282.0
ID2417,605.33
ID2418,216.0
ID2419,200.75
ID2420,517.0
ID2421,176.25
ID2422,216.45
ID2423,169.0
ID2424,33.0
ID2425,226.5
ID2426,185.0
ID2427,8.25
ID2428,220.0
ID2429,49.5
ID2430,204.0
ID2431,214.31
ID2432,178.05
ID2433,192.8
ID2434,53.31
ID2435,21.25
ID2436,205.33
ID2437,147.75
ID2438,92.81
ID2439,220.66
ID2440,244.05
ID2441,169.0
ID2442,190.16
ID2443,178.6
ID2444,1.45
ID2445,197.0
ID2446,196.0
ID2447,185.28
ID2448,358.0
ID2449,193.29
ID2450,249.33
ID2451,204.33
ID2452,196.31
ID2453,35.08
ID2454,43.0
ID2455,1.0
ID2456,104.75
ID2457,183.0
ID2458,146.0
ID2459,192.06
ID2460,195.75
ID2461,220.0
ID2462,399.75
ID2463,13.0
ID2464,204.32
ID2465,49.5
ID2466,50.0
ID2467,205.15
ID2468,274.0
ID2469,185.0
ID2470,357.0
ID2471,180.5
ID2472,219.36
ID2473,191.75
ID2474,221.58
ID2475,186.0
ID2476,53.16
ID2477,201.25
ID2479,172.1
ID2480,213.0
ID2481,211.0
ID2482,176.66
ID2483,194.37
ID2484,58.55
ID2485,169.25
ID2486,239.25
ID2487,26.0
ID2488,207.25
ID2489,191.0
ID2490,176.0
ID2492,7.0
ID2493,126.0
ID2494,192.0
ID2495,36.5
ID2496,194.42
ID2497,196.25
ID2498,198.0
ID2499,172.63
ID2500,45.0
ID2501,125.25
ID2502,36.5
ID2503,273.35
ID2504,180.75
ID2505,35.5
ID2506,41.66
ID2507,214.0
ID2508,187.66
ID2509,36.0
ID2510,220.25
ID2511,196.5
ID2512,183.8
ID2513,216.0
ID2514,206.25
ID2515,195.0
ID2516,42.5
ID2517,176.75
ID2518,204.0
ID2519,204.75
ID2520,187.0
ID2521,172.5
ID2522,268.25
ID2523,176.5
ID2524,250.0
ID2525,18.75
ID2526,199.0
ID2527,171.56
ID2528,224.31
ID2529,184.25
ID2530,46.75
ID2531,3.5
ID2532,145.0
ID2533,271.03
ID2534,220.33
ID2535,188.8
ID2536,215.5
ID2537,184.33
ID2538,247.66
ID2539,212.91
ID2540,13.25
ID2541,15.5
ID2542,14.0
ID2543,243.5
ID2544,4.25
ID2545,207.56
ID2546,83.5
ID2547,189.24
ID2548,188.75
ID2549,120.25
ID2550,6.0
ID2551,228.57
ID2552,197.5
ID2553,284.08
ID2554,18.75
ID2555,206.0
ID2556,6.0
ID2557,17.97
ID2558,186.13
ID2559,274.13
ID2560,270.8
ID2561,191.59
ID2562,188.39
ID2563,258.75
ID2564,205.91
ID2565,10.0
ID2566,170.5
ID2567,189.5
ID2568,322.0
ID2569,178.7
ID2570,1.0
ID2571,238.25
ID2572,225.0
ID2573,59.0
ID2574,28.33
ID2575,169.0
ID2576,71.75
ID2577,176.25
ID2578,182.5
ID2579,21.75
ID2580,183.0
ID2581,267.25
ID2582,241.83
ID2583,198.0
ID2584,203.41
ID2585,221.63
ID2586,190.0
ID2587,201.75
ID2588,212.3
ID2589,70.5
ID2590,218.5
ID2591,40.05
ID2592,168.66
ID2593,228.55
ID2594,180.7
ID2595,81.0
ID2596,219.25
ID2597,206.0
ID2598,174.99
ID2599,281.0
ID2600,241.0
ID2601,186.95
ID2602,4.5
ID2603,30.0
ID2604,204.16
ID2605,176.0
ID2606,226.5
ID2607,21.58
ID2608,172.316
ID2609,411.25
ID2610,80.83
ID2611,172.25
ID2612,188.5
ID2613,249.0
ID2614,192.0
ID2615,279.5
ID2616,246.5
ID2617,181.25
ID2618,243.0
ID2619,53.5
ID2620,202.5
ID2621,181.5
ID2622,176.66
ID2623,161.0
ID2624,5.03
ID2625,189.0
ID2626,212.58
ID2627,59.75
ID2628,196.83
ID2629,251.16
ID2630,123.0
ID2631,197.0
ID2632,193.93
ID2634,189.25
ID2635,171.75
ID2636,207.0
ID2637,229.58
ID2638,174.5
ID2639,200.25
ID2640,159.33
ID2641,224.0
ID2642,0.66
ID2643,139.25
ID2644,247.0
ID2645,199.5
ID2646,157.85
ID2647,39.0
ID2648,9.0
ID2649,234.25
ID2650,214.251
ID2651,172.33
ID2652,0.25
ID2653,119.0
ID2654,189.58
ID2655,38.5
ID2656,135.75
ID2658,7.25
ID2659,218.33
ID2660,347.91
ID2661,10.72
ID2662,189.66
ID2663,95.0
ID2664,203.0
ID2665,0.0
ID2666,232.83
ID2667,88.0
ID2668,182.0
ID2669,165.06
ID2670,251.0
ID2671,136.5
ID2672,208.75
ID2673,181.25
ID2674,40.5
ID2675,171.25
ID2676,182.25
ID2677,192.0
ID2678,253.0
ID2679,4.0
ID2680,209.45
ID2681,195.06
ID2682,416.0
ID2683,196.08
ID2684,7.25
ID2686,176.2
ID2687,8.0
ID2688,0.5
ID2689,191.0
ID2690,204.0
ID2691,211.58
ID2692,5.0
ID2693,3.0
ID2695,0.5
ID2696,203.3
ID2697,56.33
ID2698,41.4
ID2699,194.0
ID2700,3.75
ID2701,88.0
ID2702,198.08
ID2703,203.75
ID2704,214.7
ID2705,197.0
ID2706,40.0
ID2707,129.83
ID2708,120.66
ID2709,285.0
ID2710,394.5
ID2711,209.83
ID2712,211.25
ID2713,199.0
ID2714,14.33
ID2715,177.58
ID2716,210.45
ID2717,195.0
ID2718,177.0
ID2719,169.49
ID2720,15.0
ID2721,5.66
ID2722,176.0
ID2723,183.3
ID2724,205.05
ID2725,172.75
ID2726,168.0
ID2727,270.57
ID2728,35.0
ID2729,212.0
ID2730,183.96
ID2731,172.58
ID2732,196.5
ID2733,175.0
ID2734,192.58
ID2735,369.85
ID2736,220.75
ID2737,129.6
ID2738,208.0
ID2739,187.0
ID2740,216.5
ID2741,36.25
ID2742,85.25
ID2743,0.0
ID2744,171.5
ID2745,216.0
ID2746,232.75
ID2747,0.58
ID2748,206.5
ID2749,190.5
ID2750,240.0
ID2751,186.5
ID2752,245.0
ID2753,192.58
ID2754,176.75
ID2755,211.0
ID2756,196.0
ID2757,178.5
ID2758,32.5
ID2759,349.0
ID2760,205.75
ID2761,134.25
ID2762,210.5
ID2763,276.5
ID2764,170.66
ID2765,198.0
ID2766,184.66
ID2767,209.5
ID2768,172.0
ID2769,17.0
ID2770,199.1
ID2771,223.27
ID2772,120.53
ID2773,22.5
ID2774,474.2
ID2775,252.5
ID2776,185.75
ID2777,179.58
ID2778,428.0
ID2779,252.99
ID2780,261.25
ID2781,296.25
ID2782,191.3
ID2784,190.75
ID2785,221.65
ID2786,123.72
ID2787,182.5
ID2788,181.06
ID2789,414.81
ID2790,233.0
ID2791,171.7
ID2793,222.81
ID2794,2.96
ID2795,28.25
ID2796,225.0
ID2797,47.0
ID2798,189.25
ID2799,183.25
ID2800,179.75
ID2801,193.55
ID2802,219.91
ID2803,173.56
ID2804,206.66
ID2805,211.75
ID2806,216.5
ID2807,240.5
ID2808,199.75
ID2809,208.5
ID2810,425.0
ID2811,366.32
ID2812,204.5
ID2813,194.0
ID2814,301.25
ID2815,352.08
ID2816,21.75
ID2817,275.58
ID2818,18.08
ID2819,192.75
ID2820,191.16
ID2821,193.75
ID2822,185.58
ID2823,179.58
ID2824,91.83
ID2825,168.0
ID2826,235.25
ID2827,230.16
ID2828,9.5
ID2829,176.0
ID2830,203.85
ID2831,214.25
ID2832,193.57
ID2833,250.16
ID2834,275.4
ID2835,228.33
ID2836,150.55
ID2837,180.5
ID2838,257.31
ID2839,173.51
ID2840,180.22
ID2841,200.66
ID2842,189.25
ID2843,3.3
ID2844,125.0
ID2845,199.33
ID2846,220.5
ID2847,192.65
ID2848,173.15
ID2849,222.24
ID2850,176.3
ID2851,217.75
ID2852,173.75
ID2853,14.66
ID2854,73.5
ID2855,212.85
ID2856,9.73
ID2857,4.66
ID2858,186.4
ID2859,235.0
ID2860,249.0
ID2861,99.5
ID2862,78.25
ID2863,257.08
ID2864,3.1
ID2865,353.15
ID2866,114.0
ID2867,308.0
ID2868,201.25
ID2869,179.2
ID2870,28.0
ID2871,75.0
ID2872,36.32
ID2873,131.81
ID2874,232.91
ID2875,188.81
ID2876,42.75
ID2877,172.25
ID2878,28.0
ID2879,197.75
ID2880,1.1
ID2881,34.0
ID2882,201.75
ID2883,283.08
ID2884,7.0
ID2885,0.0
ID2886,202.33
ID2887,254.5
ID2888,1.5
ID2889,0.66
ID2890,206.0
ID2891,201.75
ID2892,269.685
ID2893,221.5
ID2894,167.525
ID2895,116.0
ID2896,185.81
ID2897,14.0
ID2898,174.75
ID2900,221.07
ID2901,181.75
ID2902,228.46
ID2903,243.78
ID2904,48.5
ID2905,108.5
ID2906,187.07
ID2907,2.0
ID2908,399.83
ID2909,38.5
ID2910,247.08
ID2911,216.7
ID2912,233.0
ID2913,192.5
ID2914,207.0
ID2915,21.0
ID2916,201.5
ID2917,191.33
ID2918,202.303
ID2919,198.0
ID2920,169.75
ID2921,168.0
ID2922,352.0
ID2923,403.25
ID2924,231.12
ID2925,0.0
ID2926,0.0
ID2927,168.2
ID2928,203.74
ID2929,195.0
ID2930,220.58
ID2931,202.75
ID2932,354.99
ID2933,135.49
ID2934,32.25
ID2935,0.0
ID2936,192.5
ID2937,203.3
ID2938,177.0
ID2939,258.66
ID2940,88.905
ID2941,194.5
ID2942,218.25
ID2943,190.0
ID2944,125.3
ID2945,35.75
ID2946,201.93
ID2947,5.0
ID2948,36.75
ID2949,397.2
ID2950,188.0
ID2951,208.0
ID2952,211.0
ID2953,18.45
ID2954,191.0
ID2955,169.0
ID2956,240.75
ID2957,220.68
ID2958,173.15
ID2959,217.25
ID2960,0.0
ID2961,242.87
ID2962,193.17
ID2963,214.6
ID2964,28.5
ID2965,110.0
ID2966,28.0
ID2967,239.0
ID2968,182.0
ID2969,343.5
ID2970,232.0
ID2971,3.0
ID2972,191.108
ID2973,227.5
ID2974,476.56
ID2975,175.25
ID2976,210.835
ID2977,387.058
ID2978,135.5
ID2979,192.4
ID2980,185.0
ID2981,26.0
ID2982,256.0
ID2983,222.25
ID2984,257.22
ID2985,199.33
ID2986,203.16
ID2987,173.0
ID2988,178.0
ID2989,79.0
ID2990,171.56
ID2991,2.5
ID2992,183.25
ID2993,184.75
ID2994,379.6
ID2995,184.0
ID2996,227.56
ID2997,214.75
ID2998,233.97
ID2999,544.74
ID3000,14.5
ID3001,174.58
ID3002,2.56
ID3003,31.0
ID3004,174.08
ID3005,22.0
ID3006,257.55
ID3007,226.5
ID3008,173.75
ID3009,199.31
ID3010,172.0
ID3011,15.0
ID3012,171.25
ID3013,177.75
ID3014,264.75
ID3015,389.08
ID3016,376.83
ID3017,196.5
ID3018,51.5
ID3019,212.0
ID3020,14.75
ID3021,168.65
ID3022,192.75
ID3023,279.25
ID3024,433.25
ID3025,7.25
ID3026,281.92
ID3027,171.5
ID3028,186.25
ID3029,185.0
ID3030,224.66
ID3031,606.83
ID3032,258.0
ID3033,191.75
ID3034,234.53
ID3035,190.25
ID3036,180.25
ID3037,191.1
ID3038,201.25
ID3039,169.5
ID3040,94.0
ID3041,197.53
ID3042,85.0
ID3043,203.0
ID3044,167.38
ID3045,190.5
ID3046,169.5
ID3047,173.99
ID3048,178.45
ID3049,30.99
ID3050,203.25
ID3051,215.25
ID3052,196.66
ID3053,205.0
ID3054,8.5
ID3055,1.75
ID3056,172.75
ID3057,190.0
ID3058,294.03
ID3059,196.33
ID3060,199.56
ID3061,72.31
ID3062,176.86
ID3063,422.38
ID3064,196.75
ID3065,2.99
ID3066,269.5
ID3067,111.62
ID3068,489.91
ID3069,206.5
ID3070,233.0
ID3071,384.57
ID3072,215.78
ID3073,5.0
ID3074,272.5
ID3075,30.5
ID3076,246.75
ID3077,187.5
ID3078,2.0
ID3079,201.99
ID3080,190.5
ID3081,175.0
ID3082,177.0
ID3083,209.75
ID3084,250.0
ID3085,190.0
ID3086,252.99
ID3087,208.25
ID3088,181.75
ID3089,213.62
ID3090,186.84
ID3091,165.31
ID3092,319.9
ID3093,8.25
ID3094,382.25
ID3095,211.41
ID3096,199.25
ID3097,246.0
ID3098,238.16
ID3099,29.5
ID3100,188.25
ID3101,198.0
ID3102,172.56
ID3103,223.0
ID3104,170.66
ID3105,232.5
ID3106,284.37
ID3107,200.58
ID3108,246.25
ID3109,228.5
ID3110,192.56
ID3111,177.74
ID3112,196.25
ID3113,245.33
ID3114,535.67
ID3115,224.25
ID3116,12.5
ID3117,36.825
ID3118,164.0
ID3119,32.0
ID3120,140.15
ID3121,222.25
ID3122,0.0
ID3123,192.56
ID3124,124.4
ID3125,29.25
ID3126,15.25
ID3127,300.5
ID3128,176.5
ID3129,173.0
ID3130,197.48
ID3131,169.75
ID3132,164.5
ID3133,168.0
ID3134,196.08
ID3135,176.0
ID3136,185.5
ID3137,348.25
ID3138,28.0
ID3139,125.5
ID3140,211.66
ID3141,224.1
ID3142,172.6
ID3143,74.8
ID3144,98.0
ID3145,192.12
ID3146,200.5
ID3147,264.5
ID3148,280.76
ID3149,193.25
ID3150,45.0
ID3151,265.81
ID3152,224.5
ID3153,247.0
ID3154,209.116
ID3155,230.25
ID3156,210.4
ID3157,200.0
ID3158,7.0
ID3159,85.0
ID3160,208.25
ID3161,196.0
ID3162,212.0
ID3163,216.75
ID3164,283.5
ID3165,153.5
ID3166,431.5
ID3167,238.5
ID3168,218.0
ID3169,103.05
ID3170,165.75
ID3171,170.0
ID3172,224.33
ID3173,223.5
ID3174,14.0
ID3175,311.0
ID3176,88.0
ID3177,29.0
ID3178,197.16
ID3179,208.98
ID3180,227.08
ID3181,194.75
ID3182,202.25
ID3183,194.0
ID3184,56.0
ID3185,232.3
ID3186,208.28
ID3187,198.08
ID3188,275.85
ID3189,109.17
ID3190,1.2
ID3191,237.68
ID3192,365.75
ID3193,170.0
ID3194,226.89
ID3195,228.25
ID3196,114.25
ID3197,210.0
ID3198,284.49
ID3199,227.75
ID3200,199.9
ID3201,245.91
ID3202,37.5
ID3203,279.95
ID3204,218.0
ID3205,248.41
ID3206,183.8
ID3207,427.06
ID3208,218.0
ID3210,219.2
ID3211,14.0
ID3212,182.25
ID3213,224.41
ID3214,210.33
ID3215,186.25
ID3216,11.0
ID3217,248.91
ID3218,189.25
ID3219,243.56
ID3220,203.5
ID3221,278.75
ID3222,423.5
ID3223,199.48
ID3224,177.25
ID3225,23.5
ID3226,179.0
ID3227,174.75
ID3228,191.5
ID3229,172.75
ID3230,181.25
ID3231,186.0
ID3232,310.5
ID3233,309.06
ID3234,216.75
ID3235,198.25
ID3236,181.41
ID3237,170.48
ID3238,185.5
ID3239,176.25
ID3240,195.0
ID3241,212.25
ID3242,323.15
ID3243,168.0
ID3244,222.0
ID3245,0.0
ID3246,210.75
ID3247,211.75
ID3248,198.31
ID3249,213.75
ID3250,3.74
ID3251,205.07
ID3252,110.75
ID3253,251.25
ID3254,186.5
ID3255,139.5
ID3256,171.45
ID3257,76.32
ID3258,177.25
ID3259,172.83
ID3260,215.5
ID3261,196.82
ID3262,178.08
ID3263,381.83
ID3264,0.0
ID3265,171.25
ID3266,191.75
ID3267,811.12
ID3268,240.58
ID3269,2.25
ID3270,190.6
ID3271,266.75
ID3272,183.75
ID3273,0.0
ID3274,3.31
ID3275,231.5
ID3276,168.0
ID3277,139.73
ID3278,176.06
ID3279,428.99
ID3280,190.5
ID3281,178.75
ID3282,216.0
ID3283,242.5
ID3284,183.25
ID3285,194.5
ID3286,181.65
ID3287,172.5
ID3288,210.75
ID3289,192.5
ID3290,184.0
ID3291,329.0
ID3292,214.0
ID3293,215.5
ID3294,177.5
ID3295,183.5
ID3296,205.5
ID3297,189.5
ID3298,206.25
ID3299,176.06
ID3300,192.5
ID3301,178.75
ID3302,168.25
ID3304,0.0
ID3305,223.66
ID3306,189.91
ID3307,237.73
ID3308,230.41
ID3309,240.25
ID3310,173.5
ID3311,191.88
ID3312,203.27
ID3313,251.36
ID3314,221.0
ID3315,264.12
ID3316,262.0
ID3317,14.0
ID3318,202.5
ID3319,186.33
ID3320,199.5
ID3321,214.75
ID3322,214.2
ID3323,191.81
ID3324,239.25
ID3325,179.25
ID3326,222.0
ID3327,196.75
ID3328,195.75
ID3329,243.5
ID3330,291.0
ID3331,230.25
ID3332,208.0
ID3333,178.0
ID3334,202.5
ID3335,0.5
ID3336,32.16
ID3337,18.25
ID3338,245.75
ID3339,296.25
ID3340,164.25
ID3341,176.81
ID3342,174.0
ID3343,238.65
ID3344,210.36
ID3345,198.97
ID3346,339.3
ID3347,246.22
ID3348,217.5
ID3349,237.33
ID3350,80.5
ID3351,186.25
ID3352,248.5
ID3353,190.0
ID3354,93.5
ID3355,41.0
ID3356,225.0
ID3357,17.7
ID3358,223.0
ID3359,243.05
ID3360,197.59
ID3361,180.5
ID3362,217.5
ID3363,198.28
ID3364,225.0
ID3365,4.0
ID3366,237.75
ID3367,253.37
ID3368,192.0
ID3369,180.88
ID3370,22.0
ID3371,35.75
ID3372,4.0
ID3373,172.61
ID3374,14.75
ID3375,171.99
ID3376,299.0
ID3377,21.5
ID3378,193.66
ID3379,244.0
ID3380,137.0
ID3381,4.5
ID3382,239.0
ID3383,214.55
ID3384,200.5
ID3385,24.0
ID3386,60.5
ID3387,222.25
ID3388,280.5
ID3389,203.91
ID3390,211.08
ID3391,252.55
ID3392,171.83
ID3393,0.75
ID3394,192.49
ID3395,233.025
ID3396,182.25
ID3397,263.25
ID3398,73.94
ID3399,204.4
ID3400,172.6
ID3401,177.51
ID3402,71.32
ID3403,245.5
ID3404,217.25
ID3405,215.5
ID3406,185.25
ID3408,239.0
ID3409,17.5
ID3410,8.33
ID3411,333.75
ID3412,197.95
ID3413,257.25
ID3414,206.56
ID3415,176.15
ID3416,176.5
ID3417,176.265
ID3418,84.97
ID3419,181.74
ID3420,239.32
ID3421,112.66
ID3422,149.7
ID3423,137.35
ID3424,104.0
ID3425,255.0
ID3426,47.5
ID3428,227.5
ID3429,178.43
ID3430,213.29
ID3431,177.5
ID3432,269.51
ID3433,223.25
ID3434,7.81
ID3435,64.0
ID3436,168.5
ID3437,110.0
ID3438,182.85
ID3439,214.5
ID3440,63.5
ID3441,204.5
ID3442,11.25
ID3443,205.49
ID3444,346.16
ID3445,273.56
ID3446,0.0
ID3447,185.0
ID3448,2.75
ID3449,7.81
ID3450,180.58
ID3451,172.62
ID3452,215.76
ID3453,227.49
ID3454,265.5
ID3455,9.0
ID3456,193.17
ID3457,246.57
ID3458,256.033
ID3459,145.5
ID3460,175.735
ID3461,198.5
ID3462,123.99
ID3463,189.22
ID3464,225.25
ID3465,43.0
ID3466,376.75
ID3467,172.75
ID3468,29.24
ID3469,151.07
ID3470,188.45
ID3471,198.3
ID3472,308.25
ID3473,211.66
ID3474,184.0
ID3475,395.5
ID3476,198.75
ID3477,189.99
ID3478,275.5
ID3479,415.0
ID3480,208.5
ID3482,376.91
ID3483,47.33
ID3484,182.16
ID3485,214.0
ID3486,268.615
ID3487,262.08
ID3488,261.5
ID3489,215.0
ID3490,196.0
ID3491,239.0
ID3492,81.5
ID3493,201.0
ID3494,183.88
ID3495,170.5
ID3497,184.5
ID3498,207.5
ID3499,208.0
ID3500,13.4
ID3501,203.33
ID3502,330.25
ID3503,172.7
ID3504,218.45
ID3505,196.0
ID3506,181.75
ID3507,26.25
ID3508,198.25
ID3509,195.25
ID3510,325.45
ID3512,17.5
ID3513,195.0
ID3514,172.16
ID3515,206.55
ID3516,3.5
ID3517,201.58
ID3518,298.5
ID3519,206.0
ID3520,359.57
ID3521,198.75
ID3522,195.0
ID3523,31.5
ID3524,195.5
ID3525,169.25
ID3526,129.16
ID3527,383.0
ID3528,234.95
ID3529,5.98
ID3530,200.75
ID3531,137.0
ID3532,247.0
ID3533,135.5
ID3534,177.0
ID3535,218.75
ID3536,0.0
ID3537,224.0
ID3538,230.75
ID3539,178.25
ID3540,173.0
ID3541,39.5
ID3542,190.0
ID3543,0.0
ID3544,191.0
ID3545,168.0
ID3546,169.25
ID3547,11.5
ID3548,201.55
ID3549,241.0
ID3550,179.5
ID3551,338.25
ID3552,220.0
ID3553,191.0
ID3554,96.5
ID3555,191.0
ID3556,174.21
ID3557,203.5
ID3558,212.75
ID3559,196.25
ID3560,35.0
ID3561,203.0
ID3562,185.5
ID3563,195.0
ID3564,200.98
ID3565,170.5
ID3566,168.0
ID3567,178.25
ID3568,206.5
ID3569,189.75
ID3570,207.88
ID3571,200.25
ID3572,240.0
ID3573,290.25
ID3574,602.25
ID3575,203.75
ID3576,200.75
ID3577,195.25
ID3578,202.25
ID3579,200.25
ID3580,222.33
ID3581,174.75
ID3582,60.25
ID3583,265.0
ID3584,186.25
ID3585,240.75
ID3586,76.5
ID3587,183.5
ID3588,189.16
ID3589,195.0
ID3590,17.5
ID3591,187.5
ID3592,218.0
ID3593,266.83
ID3594,222.4
ID3595,0.0
ID3596,247.0
ID3597,229.5
ID3598,185.75
ID3599,198.83
ID3600,175.0
ID3601,170.5
ID3602,197.5
ID3603,179.25
ID3604,16.25
ID3605,207.25
ID3606,199.16
ID3607,178.82
ID3608,223.81
ID3609,1.75
ID3610,341.75
ID3611,110.25
ID3612,178.5
ID3613,241.5
ID3614,109.5
ID3615,191.16
ID3616,178.83
ID3617,250.5
ID3618,182.25
ID3619,169.75
ID3620,281.83
ID3621,192.0
ID3622,178.0
ID3623,259.92
ID3624,714.56
ID3625,234.86
ID3626,170.03
ID3627,378.3
ID3628,199.0
ID3629,211.0
ID3631,307.5
ID3632,423.75
ID3633,355.25
ID3634,211.3
ID3635,238.57
ID3636,6.0
ID3637,161.0
ID3638,145.75
ID3639,269.5
ID3640,463.25
ID3641,5.0
ID3642,12.0
ID3643,224.0
ID3644,5.5
ID3645,471.0
ID3646,58.25
ID3647,227.25
ID3648,189.5
ID3649,181.5
ID3650,200.0
ID3651,181.64
ID3652,198.95
ID3653,22.75
ID3654,182.25
ID3655,197.25
ID3656,183.0
ID3657,184.25
ID3658,207.0
ID3659,84.0
ID3660,559.5
ID3661,242.58
ID3662,465.0
ID3663,304.16
ID3664,194.33
ID3665,175.75
ID3666,209.0
ID3667,223.25
ID3668,452.5
ID3669,47.5
ID3670,171.5
ID3671,211.0
ID3672,229.75
ID3673,259.75
ID3674,178.75
ID3675,168.0
ID3676,142.25
ID3677,192.75
ID3678,202.75
ID3679,56.0
ID3680,182.75
ID3681,179.49
ID3682,223.0
ID3683,3.5
ID3684,178.5
ID3685,187.58
ID3686,188.5
ID3687,2.58
ID3688,166.83
ID3689,185.0
ID3690,185.25
ID3691,218.25
ID3692,248.0
ID3693,107.25
ID3694,259.95
ID3695,49.95
ID3696,343.08
ID3697,283.25
ID3698,86.0
ID3699,48.0
ID3700,0.5
ID3701,188.0
ID3702,173.75
ID3703,1.45
ID3704,239.25
ID3705,185.0
ID3706,199.0
ID3707,203.25
ID3708,187.5
ID3709,347.5
ID3710,214.16
ID3711,65.25
ID3712,184.49
ID3713,131.0
ID3714,34.5
ID3715,209.5
ID3716,189.75
ID3717,4.0
ID3718,211.25
ID3719,28.0
ID3720,226.25
ID3721,213.83
ID3722,196.25
ID3723,24.0
ID3724,179.0
ID3725,377.25
ID3726,241.99
ID3727,196.75
ID3728,488.25
ID3729,4.0
ID3730,375.0
ID3731,196.75
ID3732,17.5
ID3733,537.72
ID3734,1.25
ID3735,260.5
ID3736,187.0
ID3737,194.25
ID3738,169.0
ID3739,471.43
ID3740,202.91
ID3741,208.55
ID3742,229.25
ID3743,224.5
ID3744,170.5
ID3745,181.0
ID3746,118.25
ID3747,247.24
ID3748,227.33
ID3749,204.25
ID3750,207.33
ID3751,144.27
ID3752,204.2
ID3753,219.75
ID3754,347.25
ID3755,180.0
ID3756,330.04
ID3757,184.75
ID3758,194.08
ID3760,440.25
ID3761,28.0
ID3762,285.25
ID3763,221.0
ID3764,271.43
ID3766,209.83
ID3767,213.25
ID3768,9.0
ID3769,176.25
ID3770,212.0
ID3771,16.0
ID3772,269.65
ID3773,213.0
ID3774,72.2
ID3775,195.583
ID3776,192.11
ID3777,220.62
ID3778,223.66
ID3779,179.06
ID3780,353.32
ID3781,225.5
ID3782,212.91
ID3783,402.08
ID3784,214.75
ID3785,197.0
ID3786,480.2
ID3787,188.32
ID3788,170.783
ID3789,168.0
ID3790,252.875
ID3791,188.5
ID3792,203.99
ID3793,457.75
ID3794,193.25
ID3795,116.0
ID3796,220.6
ID3797,191.75
ID3798,168.58
ID3799,303.16
ID3800,220.83
ID3801,119.0
ID3802,211.33
ID3803,210.8
ID3804,229.24
ID3805,23.625
ID3806,470.12
ID3807,173.75
ID3808,41.75
ID3809,213.41
ID3810,62.25
ID3811,240.75
ID3812,257.035
ID3813,195.0
ID3814,214.66
ID3815,173.4
ID3816,168.25
ID3817,230.3
ID3818,248.0
ID3819,231.065
ID3820,200.25
ID3821,28.75
ID3822,181.75
ID3823,246.32
ID3824,0.0
ID3825,247.8
ID3826,403.33
ID3827,219.12
ID3828,215.31
ID3829,202.25
ID3830,266.25
ID3831,270.5
ID3832,196.0
ID3833,235.0
ID3834,180.0
ID3835,0.0
ID3836,170.1
ID3837,36.0
ID3838,197.3
ID3839,183.25
ID3840,173.41
ID3841,207.08
ID3842,172.58
ID3843,13.5
ID3844,316.0
ID3845,174.25
ID3846,177.0
ID3847,216.0
ID3848,175.0
ID3849,174.0
ID3850,196.83
ID3851,187.5
ID3852,184.25
ID3853,116.26
ID3854,161.25
ID3855,274.25
ID3856,445.75
ID3858,174.75
ID3859,4.0
ID3860,178.25
ID3861,203.1
ID3862,173.0
ID3863,248.0
ID3864,32.0
ID3865,37.75
ID3866,43.91
ID3867,169.5
ID3868,36.0
ID3869,193.0
ID3870,11.25
ID3871,165.0
ID3872,20.0
ID3873,167.0
ID3874,227.0
ID3875,5.25
ID3876,0.0
ID3877,159.525
ID3878,12.0
ID3879,219.525
ID3880,191.025
ID3881,227.64
ID3882,170.25
ID3883,16.625
ID3884,170.5
ID3886,184.4
ID3887,4.25
ID3888,201.93
ID3889,213.87
ID3890,170.66
ID3891,163.5
ID3892,200.33
ID3893,186.13
ID3894,1.0
ID3895,183.0
ID3896,168.0
ID3897,181.07
ID3898,233.435
ID3899,176.5
ID3900,1.0
ID3901,192.7
ID3902,182.0
ID3903,257.36
ID3904,62.47
ID3905,205.0
ID3906,202.125
ID3907,52.1
ID3908,33.25
ID3909,148.16
ID3910,405.48
ID3911,194.16
ID3912,395.33
ID3913,283.0
ID3914,171.29
ID3915,7.33
ID3916,191.31
ID3917,80.41
ID3918,212.0
ID3920,3.5
ID3921,194.83
ID3922,68.81
ID3923,183.15
ID3924,142.12
ID3925,169.33
ID3926,4.25
ID3927,184.325
ID3928,166.53
ID3929,315.76
ID3930,191.12
ID3931,38.5
ID3932,199.32
ID3933,197.66
ID3934,251.43
ID3935,201.25
ID3936,86.16
ID3937,187.0
ID3938,509.0
ID3939,6.07
ID3940,338.0
ID3941,197.0
ID3942,198.17
ID3943,179.18
ID3944,1.0
ID3945,181.0
ID3946,175.0
ID3947,208.66
ID3948,191.88
ID3949,224.25
ID3950,213.0
ID3951,177.0
ID3952,190.25
ID3953,157.0
ID3954,170.83
ID3955,46.5
ID3956,177.25
ID3957,217.16
ID3958,31.75
ID3959,28.25
ID3960,192.08
ID3961,10.0
ID3962,168.0
ID3963,173.6
ID3964,225.25
ID3965,226.5
ID3966,104.0
ID3967,192.5
ID3968,262.33
ID3969,193.5
ID3970,184.5
ID3971,178.25
ID3972,219.65
ID3973,205.0
ID3974,205.0
ID3975,35.83
ID3976,12.0
ID3977,208.82
ID3978,185.5
ID3979,266.0
ID3980,205.25
ID3981,211.75
ID3982,184.75
ID3983,145.0
ID3984,151.5
ID3985,193.75
ID3986,192.5
ID3987,169.93
ID3988,190.6
ID3989,194.75
ID3990,204.0
ID3991,250.05
ID3992,176.5
ID3993,186.5
ID3994,188.0
ID3995,170.75
ID3996,0.0
ID3997,177.0
ID3998,206.58
ID4000,182.5
ID4001,199.0
ID4002,177.16
ID4003,194.75
ID4004,30.0
ID4005,175.33
ID4007,168.58
ID4008,194.83
ID4009,175.25
ID4010,206.8
ID4011,218.41
ID4012,186.65
ID4013,109.5
ID4014,7.0
ID4015,211.0
ID4016,57.5
ID4017,259.0
ID4018,45.5
ID4019,225.0
ID4020,188.81
ID4021,252.0
ID4022,24.0
ID4023,240.0
ID4024,224.81
ID4025,241.0
ID4026,211.0
ID4027,206.0
ID4028,244.5
ID4029,16.0
ID4030,0.33
ID4031,180.58
ID4032,181.0
ID4033,3.5
ID4034,16.0
ID4035,52.0
ID4036,2.5
ID4037,208.25
ID4038,168.33
ID4039,192.33
ID4040,197.85
ID4041,182.25
ID4042,180.5
ID4043,0.0
ID4044,45.33
ID4045,195.6
ID4046,175.33
ID4047,224.0
ID4048,369.185
ID4049,205.28
ID4050,170.08
ID4051,3.5
ID4052,181.25
ID4053,215.0
ID4054,292.66
ID4055,266.0
ID4056,169.0
ID4057,0.0
ID4058,176.33
ID4059,175.81
ID4060,175.0
ID4061,0.0
ID4062,48.25
ID4063,217.0
